MARÍLIA;MARILIA;ADAMANTINA;Adamantina;1;1;0;4;5;2;13;11;8;13;6;2;2;68
SÃO JOSÉ DO RIO PRETO;SAO JOSE DO RIO PRETO;JOSÉ BONIFÁCIO;Adolfo;0;0;0;0;0;1;2;0;0;0;2;0;1;6
SÃO JOÃO DA BOA VISTA;SAO JOAO DA BOA VISTA;MANTIQUEIRA;Aguaí;0;0;1;4;1;1;2;9;5;7;12;14;10;66
SÃO JOÃO DA BOA VISTA;SAO JOAO DA BOA VISTA;MANTIQUEIRA;Águas da Prata;0;0;0;0;2;1;3;7;1;5;6;19;29;73
CAMPINAS;CAMPINAS;CIRCUITO DAS AGUAS;Águas de Lindóia;0;0;0;1;8;4;15;27;35;32;59;68;77;326
BAURU;BOTUCATU;VALE DO JURUMIRIM;Águas de Santa Bárbara;0;0;0;0;2;4;1;0;4;8;10;14;4;47
PIRACICABA;PIRACICABA;PIRACICABA;Águas de São Pedro;0;0;0;0;1;1;2;3;4;4;8;6;6;35
BAURU;BAURU;BAURU;Agudos;3;4;1;2;4;5;8;3;17;30;26;18;10;131
SOROCABA;SOROCABA;ITAPETININGA;Alambari;0;0;0;0;1;0;3;3;2;7;4;7;5;32
PRESIDENTE PRUDENTE;PRESIDENTE PRUDENTE;ALTA SOROCABANA;Alfredo Marcondes;0;0;0;0;0;0;0;0;0;1;0;1;0;2
BARRETOS;BARRETOS;NORTE-BARRETOS;Altair;0;0;0;0;4;2;5;1;1;1;1;1;0;16
RIBEIRÃO PRETO;RIBEIRAO PRETO;VALE DAS CACHOEIRAS;Altinópolis;1;0;0;1;3;0;3;10;8;9;13;16;27;91
ARAÇATUBA;ARACATUBA;CONSÓRCIOS DO DRS II;Alto Alegre;0;0;0;0;0;0;1;0;0;0;0;1;0;2
SOROCABA;SOROCABA;SOROCABA;Alumínio;1;0;2;3;3;0;7;8;18;14;12;5;8;81
SÃO JOSÉ DO RIO PRETO;SAO JOSE DO RIO PRETO;VOTUPORANGA;Álvares Florence;2;0;0;0;1;3;1;0;3;0;5;1;4;20
PRESIDENTE PRUDENTE;PRESIDENTE PRUDENTE;ALTA SOROCABANA;Álvares Machado;0;0;0;0;1;2;0;2;5;1;0;0;0;11
MARÍLIA;MARILIA;MARÍLIA;Álvaro de Carvalho;0;0;0;1;2;2;0;1;3;0;0;0;0;9
MARÍLIA;MARILIA;MARÍLIA;Alvinlândia;1;0;0;0;1;1;1;0;0;3;0;1;2;10
CAMPINAS;CAMPINAS;REG METRO CAMPINAS;Americana;5;4;8;11;19;37;47;68;87;73;98;120;136;713
ARARAQUARA;ARARAQUARA;CENTRAL DO DRS III;Américo Brasiliense;0;2;4;0;3;6;14;9;2;3;1;21;7;72
SÃO JOSÉ DO RIO PRETO;SAO JOSE DO RIO PRETO;VOTUPORANGA;Américo de Campos;0;2;2;0;0;2;5;2;7;2;2;3;4;31
CAMPINAS;CAMPINAS;CIRCUITO DAS AGUAS;Amparo;4;1;3;6;6;12;10;13;12;27;43;34;27;198
PIRACICABA;PIRACICABA;RIO CLARO;Analândia;1;2;1;6;10;31;44;51;60;63;81;73;58;481
ARAÇATUBA;ARACATUBA;LAGOS DO DRS II;Andradina;0;1;0;2;1;1;1;2;0;6;5;3;0;22
SOROCABA;SOROCABA;ITAPETININGA;Angatuba;0;0;0;0;0;0;4;4;9;8;12;24;35;96
BAURU;BOTUCATU;POLO CUESTA;Anhembi;0;0;0;0;0;1;1;0;0;7;7;5;7;28
PRESIDENTE PRUDENTE;PRESIDENTE PRUDENTE;ALTA SOROCABANA;Anhumas;0;0;0;0;0;0;0;2;0;0;0;0;1;3
TAUBATÉ;TAUBATE;CIRCUITO DA FÉ - VALE HISTÓRICO;Aparecida;0;0;4;6;14;14;32;44;32;25;29;28;23;251
SÃO JOSÉ DO RIO PRETO;JALES;JALES;Aparecida d'Oeste;0;0;0;0;0;0;0;0;0;1;0;2;0;3
SOROCABA;ITAPEVA;ITAPEVA;Apiaí;0;0;0;1;0;0;1;1;5;8;2;12;18;48
SOROCABA;SOROCABA;SOROCABA;Araçariguama;1;3;9;5;1;4;10;8;27;13;28;32;29;170
ARAÇATUBA;ARACATUBA;CENTRAL DO DRS II;Araçatuba;5;5;3;10;6;14;25;29;21;22;20;24;20;204
SOROCABA;SOROCABA;SOROCABA;Araçoiaba da Serra;0;2;3;4;2;6;7;5;14;6;7;11;19;86
FRANCA;FRANCA;ALTA MOGIANA;Aramina;0;0;0;0;0;0;2;0;3;4;1;3;1;14
BAURU;BOTUCATU;VALE DO JURUMIRIM;Arandu;0;0;0;0;0;0;0;0;0;2;5;8;28;43
TAUBATÉ;TAUBATE;CIRCUITO DA FÉ - VALE HISTÓRICO;Arapeí;0;0;0;0;0;1;1;1;6;16;8;13;20;66
ARARAQUARA;ARARAQUARA;CENTRAL DO DRS III;Araraquara;6;8;20;14;15;22;27;32;34;36;57;85;58;414
PIRACICABA;PIRACICABA;ARARAS;Araras;1;0;4;9;5;8;20;20;24;39;50;38;34;252
MARÍLIA;MARILIA;TUPÃ;Arco-Íris;0;0;0;1;0;0;1;0;1;0;0;0;0;3
BAURU;BAURU;BAURU;Arealva;2;1;7;10;5;9;14;20;25;23;20;15;13;164
TAUBATÉ;TAUBATE;CIRCUITO DA FÉ - VALE HISTÓRICO;Areias;0;0;0;0;1;0;0;3;1;0;3;1;3;12
BAURU;BOTUCATU;POLO CUESTA;Areiópolis;1;0;0;1;1;1;1;11;7;11;25;43;36;138
SÃO JOSÉ DO RIO PRETO;SAO JOSE DO RIO PRETO;CATANDUVA;Ariranha;8;9;18;24;29;31;54;52;84;88;91;67;24;579
CAMPINAS;CAMPINAS;REG METRO CAMPINAS;Artur Nogueira;2;4;12;15;19;17;22;43;38;41;53;76;88;430
GRANDE SÃO PAULO;MOGI DAS CRUZES;ALTO DO TIETÊ;Arujá;3;1;3;7;11;17;31;37;43;34;59;56;12;314
SÃO JOSÉ DO RIO PRETO;JALES;JALES;Aspásia;0;0;0;0;1;0;0;0;0;0;1;0;0;2
MARÍLIA;ASSIS;ASSIS;Assis;25;31;70;64;67;93;87;37;6;1;4;18;215;718
CAMPINAS;CAMPINAS;BRAGANÇA;Atibaia;12;26;28;36;101;175;219;277;321;373;345;404;299;2616
ARAÇATUBA;ARACATUBA;CENTRAL DO DRS II;Auriflama;1;0;0;0;0;0;0;0;0;0;0;0;0;1
BAURU;BAURU;BAURU;Avaí;0;0;0;0;0;0;0;1;0;0;1;0;0;2
ARAÇATUBA;ARACATUBA;CONSÓRCIOS DO DRS II;Avanhandava;0;0;1;2;0;0;0;0;1;5;6;5;4;24
BAURU;BOTUCATU;VALE DO JURUMIRIM;Avaré;5;4;8;25;16;14;46;27;57;74;80;149;106;611
SÃO JOSÉ DO RIO PRETO;SAO JOSE DO RIO PRETO;SÃO JOSÉ DO RIO PRETO;Bady Bassitt;2;2;0;1;3;4;7;11;14;3;6;13;8;74
BAURU;BAURU;BAURU;Balbinos;0;0;0;0;0;0;0;0;1;1;8;2;1;13
SÃO JOSÉ DO RIO PRETO;SAO JOSE DO RIO PRETO;SÃO JOSÉ DO RIO PRETO;Bálsamo;0;1;1;1;2;2;0;4;3;5;4;2;0;25
TAUBATÉ;TAUBATE;CIRCUITO DA FÉ - VALE HISTÓRICO;Bananal;0;0;4;6;4;3;17;17;23;22;19;67;71;253
BAURU;BOTUCATU;VALE DO JURUMIRIM;Barão de Antonina;0;0;0;0;0;0;0;0;0;0;0;0;0;0
ARAÇATUBA;ARACATUBA;CONSÓRCIOS DO DRS II;Barbosa;0;0;0;0;0;0;0;1;0;1;0;0;0;2
BAURU;BAURU;JAU;Bariri;67;112;125;331;367;358;337;373;261;164;179;140;52;2866
BAURU;BAURU;JAU;Barra Bonita;1;1;1;3;7;3;3;8;8;12;6;18;6;77
SOROCABA;ITAPEVA;ITAPEVA;Barra do Chapéu;0;0;0;0;0;0;1;0;1;1;1;4;6;14
REGISTRO;REGISTRO;VALE DO RIBEIRA;Barra do Turvo;0;0;0;0;0;1;3;4;10;8;9;22;7;64
BARRETOS;BARRETOS;NORTE-BARRETOS;Barretos;2;4;10;22;24;49;76;76;97;112;144;170;110;896
RIBEIRÃO PRETO;RIBEIRAO PRETO;HORIZONTE VERDE;Barrinha;0;2;8;3;11;17;17;41;30;15;7;6;5;162
GRANDE SÃO PAULO;OSASCO;ROTA DOS BANDEIRANTES;Barueri;0;1;1;10;10;16;58;76;74;60;65;39;7;417
MARÍLIA;MARILIA;TUPÃ;Bastos;1;0;0;1;0;0;2;1;1;7;6;0;1;20
RIBEIRÃO PRETO;RIBEIRAO PRETO;VALE DAS CACHOEIRAS;Batatais;14;16;24;47;91;119;143;163;115;90;62;8;0;892
BAURU;BAURU;BAURU;Bauru;23;41;64;134;185;289;297;271;191;241;323;350;10;2419
BARRETOS;BARRETOS;SUL-BARRETOS;Bebedouro;41;122;298;258;332;321;530;488;359;101;22;17;14;2903
ARAÇATUBA;ARACATUBA;CENTRAL DO DRS II;Bento de Abreu;0;0;0;0;0;0;0;0;0;2;0;0;0;2
MARÍLIA;ASSIS;OURINHOS;Bernardino de Campos;0;5;4;4;14;25;30;43;63;81;75;32;0;376
BAIXADA SANTISTA;SANTOS;BAIXADA SANTISTA;Bertioga;90;104;92;158;202;172;61;75;120;146;148;74;80;1522
ARAÇATUBA;ARACATUBA;CENTRAL DO DRS II;Bilac;0;0;0;0;0;0;0;2;1;0;0;0;1;4
ARAÇATUBA;ARACATUBA;CONSÓRCIOS DO DRS II;Birigui;10;23;15;36;45;63;95;145;174;101;114;98;42;961
GRANDE SÃO PAULO;MOGI DAS CRUZES;ALTO DO TIETÊ;Biritiba Mirim;0;3;2;0;5;5;2;7;15;13;60;90;128;330
ARARAQUARA;ARARAQUARA;CENTRAL DO DRS III;Boa Esperança do Sul;1;0;0;0;1;1;1;3;2;1;1;1;4;16
BAURU;BAURU;JAU;Bocaina;0;0;0;0;1;1;2;5;2;1;1;8;1;22
BAURU;BOTUCATU;POLO CUESTA;Bofete;0;1;1;1;0;3;2;2;2;6;5;3;0;26
SOROCABA;SOROCABA;SOROCABA;Boituva;9;12;17;26;14;28;40;47;52;111;145;257;234;992
CAMPINAS;CAMPINAS;BRAGANÇA;Bom Jesus dos Perdões;1;1;4;6;2;7;5;12;15;18;25;24;21;141
SOROCABA;ITAPEVA;ITAPEVA;Bom Sucesso de Itararé;0;0;0;0;0;0;0;0;0;0;0;0;0;0
MARÍLIA;ASSIS;ASSIS;Borá;0;0;0;0;0;0;0;0;0;0;2;1;4;7
BAURU;BAURU;JAU;Boracéia;35;7;14;13;7;39;40;25;10;36;33;21;5;285
ARARAQUARA;ARARAQUARA;NOROESTE DRS III;Borborema;5;8;6;11;13;7;18;19;18;27;12;16;11;171
BAURU;BAURU;BAURU;Borebi;0;0;0;0;0;0;0;0;0;0;1;0;0;1
BAURU;BOTUCATU;POLO CUESTA;Botucatu;105;120;167;280;185;211;426;485;535;754;966;1263;1096;6593
CAMPINAS;CAMPINAS;BRAGANÇA;Bragança Paulista;37;56;214;269;354;479;572;523;507;400;254;190;47;3902
ARAÇATUBA;ARACATUBA;CONSÓRCIOS DO DRS II;Braúna;0;1;1;1;0;0;0;1;3;0;0;0;0;7
ARAÇATUBA;ARACATUBA;CONSÓRCIOS DO DRS II;Brejo Alegre;0;0;0;0;0;0;0;0;0;0;0;0;0;0
RIBEIRÃO PRETO;RIBEIRAO PRETO;VALE DAS CACHOEIRAS;Brodowski;215;192;234;254;260;230;199;152;127;128;50;39;39;2119
BAURU;BAURU;JAU;Brotas;1;2;6;7;11;17;29;31;43;28;48;68;27;318
SOROCABA;ITAPEVA;ITAPEVA;Buri;0;0;5;1;3;1;4;9;7;12;6;13;16;77
ARAÇATUBA;ARACATUBA;CONSÓRCIOS DO DRS II;Buritama;0;0;0;0;0;1;0;0;4;2;1;1;3;12
FRANCA;FRANCA;ALTA MOGIANA;Buritizal;0;0;0;0;0;0;0;0;0;0;4;0;0;4
BAURU;BAURU;BAURU;Cabrália Paulista;0;0;0;0;0;0;0;0;0;0;0;0;0;0
CAMPINAS;CAMPINAS;JUNDIAÍ;Cabreúva;0;2;2;5;13;14;37;64;62;47;38;29;13;326
TAUBATÉ;SAO JOSE DOS CAMPOS;ALTO VALE DO PARAÍBA;Caçapava;1;3;3;6;9;11;44;47;95;173;241;417;396;1446
TAUBATÉ;TAUBATE;CIRCUITO DA FÉ - VALE HISTÓRICO;Cachoeira Paulista;1;0;3;1;4;9;14;10;11;5;9;21;35;123
SÃO JOÃO DA BOA VISTA;SAO JOAO DA BOA VISTA;RIO PARDO;Caconde;0;0;0;0;1;2;2;8;2;21;41;65;69;211
BAURU;BAURU;LINS;Cafelândia;0;1;2;0;5;5;5;8;20;20;15;15;8;104
PRESIDENTE PRUDENTE;PRESIDENTE PRUDENTE;ALTA SOROCABANA;Caiabu;0;0;0;0;0;0;0;1;2;1;6;5;13;28
GRANDE SÃO PAULO;FRANCO DA ROCHA;FRANCO DA ROCHA;Caieiras;6;11;42;34;54;67;74;96;86;71;35;36;11;623
PRESIDENTE PRUDENTE;PRESIDENTE VENCESLAU;EXTREMO OESTE PAULISTA;Caiuá;0;0;0;0;0;0;0;0;1;0;0;0;0;1
GRANDE SÃO PAULO;FRANCO DA ROCHA;FRANCO DA ROCHA;Cajamar;1;1;4;4;9;9;18;29;47;47;76;95;92;432
REGISTRO;REGISTRO;VALE DO RIBEIRA;Cajati;0;0;1;0;5;2;0;2;10;6;3;1;3;33
BARRETOS;BARRETOS;NORTE-BARRETOS;Cajobi;0;0;1;0;1;0;0;0;1;3;1;5;1;13
RIBEIRÃO PRETO;RIBEIRAO PRETO;VALE DAS CACHOEIRAS;Cajuru;0;0;0;0;0;0;0;1;0;0;0;0;0;1
SOROCABA;SOROCABA;ITAPETININGA;Campina do Monte Alegre;0;0;0;0;0;1;4;5;3;6;8;15;24;66
CAMPINAS;CAMPINAS;REG METRO CAMPINAS;Campinas;396;640;897;1220;1491;1983;2814;3855;4348;5212;6323;7457;6466;43102
CAMPINAS;CAMPINAS;JUNDIAÍ;Campo Limpo Paulista;2;4;2;10;11;13;33;31;16;14;6;31;110;283
TAUBATÉ;TAUBATE;V. PARAÍBA-REG. SERRANA;Campos do Jordão;0;0;0;0;0;0;1;0;0;1;0;1;0;3
MARÍLIA;MARILIA;MARÍLIA;Campos Novos Paulista;0;0;0;0;0;1;0;0;0;0;0;0;0;1
REGISTRO;REGISTRO;VALE DO RIBEIRA;Cananéia;0;0;0;0;3;1;3;3;9;18;54;69;121;281
TAUBATÉ;TAUBATE;CIRCUITO DA FÉ - VALE HISTÓRICO;Canas;0;0;0;0;0;2;7;5;5;3;8;4;3;37
MARÍLIA;ASSIS;ASSIS;Cândido Mota;4;3;10;7;25;17;24;28;47;35;55;41;40;336
ARARAQUARA;ARARAQUARA;NOROESTE DRS III;Cândido Rodrigues;0;0;0;1;0;0;0;0;4;0;0;0;0;5
MARÍLIA;ASSIS;OURINHOS;Canitar;0;0;0;0;0;1;1;2;3;0;4;1;0;12
SOROCABA;SOROCABA;ITAPETININGA;Capão Bonito;0;0;0;0;0;1;2;3;2;4;9;9;7;37
SOROCABA;SOROCABA;SOROCABA;Capela do Alto;0;0;0;1;4;0;1;14;19;20;41;45;53;198
PIRACICABA;PIRACICABA;PIRACICABA;Capivari;20;21;30;19;31;52;84;71;57;12;22;9;11;439
TAUBATÉ;CARAGUATATUBA;LITORAL NORTE;Caraguatatuba;24;19;12;30;25;51;74;111;326;414;483;583;396;2548
GRANDE SÃO PAULO;OSASCO;ROTA DOS BANDEIRANTES;Carapicuíba;1;2;2;6;7;11;26;34;31;51;101;139;30;441
SÃO JOSÉ DO RIO PRETO;SAO JOSE DO RIO PRETO;VOTUPORANGA;Cardoso;0;0;1;2;4;5;5;1;1;5;6;2;0;32
SÃO JOÃO DA BOA VISTA;SAO JOAO DA BOA VISTA;RIO PARDO;Casa Branca;2;9;12;18;29;29;47;52;58;61;106;102;111;636
RIBEIRÃO PRETO;RIBEIRAO PRETO;VALE DAS CACHOEIRAS;Cássia dos Coqueiros;0;1;0;0;0;1;3;1;3;8;3;3;1;24
ARAÇATUBA;ARACATUBA;LAGOS DO DRS II;Castilho;0;1;2;2;1;4;4;5;1;1;2;0;0;23
SÃO JOSÉ DO RIO PRETO;SAO JOSE DO RIO PRETO;CATANDUVA;Catanduva;27;31;73;71;127;147;167;181;193;204;119;95;38;1473
SÃO JOSÉ DO RIO PRETO;SAO JOSE DO RIO PRETO;CATANDUVA;Catiguá;1;1;6;14;10;11;19;19;26;9;25;17;1;159
SÃO JOSÉ DO RIO PRETO;SAO JOSE DO RIO PRETO;SÃO JOSÉ DO RIO PRETO;Cedral;2;2;2;2;2;2;0;2;3;1;1;6;2;27
BAURU;BOTUCATU;VALE DO JURUMIRIM;Cerqueira César;0;0;0;0;0;3;4;2;2;6;8;3;9;37
SOROCABA;SOROCABA;ITAPETININGA;Cerquilho;0;0;1;0;1;3;3;9;12;11;15;23;14;92
SOROCABA;SOROCABA;ITAPETININGA;Cesário Lange;0;0;0;1;2;0;1;3;4;15;12;11;23;72
PIRACICABA;PIRACICABA;PIRACICABA;Charqueada;0;0;1;1;5;4;17;18;14;18;18;11;13;120
ARAÇATUBA;ARACATUBA;CONSÓRCIOS DO DRS II;Clementina;0;0;0;0;1;0;0;0;4;2;0;0;0;7
BARRETOS;BARRETOS;NORTE-BARRETOS;Colina;17;22;40;64;51;22;18;32;58;57;54;52;35;522
BARRETOS;BARRETOS;NORTE-BARRETOS;Colômbia;0;0;0;0;2;0;1;4;3;0;0;0;1;11
PIRACICABA;PIRACICABA;ARARAS;Conchal;0;0;1;1;0;2;0;2;0;5;6;5;2;24
BAURU;BOTUCATU;POLO CUESTA;Conchas;1;0;0;1;2;3;3;2;9;9;3;9;4;46
PIRACICABA;PIRACICABA;LIMEIRA;Cordeirópolis;0;0;1;2;3;0;3;6;8;7;20;10;9;69
ARAÇATUBA;ARACATUBA;CONSÓRCIOS DO DRS II;Coroados;0;0;1;1;1;2;0;0;2;1;0;2;0;10
BAURU;BOTUCATU;VALE DO JURUMIRIM;Coronel Macedo;0;0;2;2;1;2;4;10;10;15;20;5;10;81
PIRACICABA;PIRACICABA;RIO CLARO;Corumbataí;0;0;0;0;0;0;0;0;0;2;2;2;1;7
CAMPINAS;CAMPINAS;REG METRO CAMPINAS;Cosmópolis;3;2;1;5;12;11;26;16;57;48;27;63;16;287
SÃO JOSÉ DO RIO PRETO;SAO JOSE DO RIO PRETO;VOTUPORANGA;Cosmorama;1;0;1;2;0;2;1;3;5;2;5;4;1;27
GRANDE SÃO PAULO;OSASCO;MANANCIAIS;Cotia;12;18;23;92;92;132;162;208;166;177;280;249;178;1789
RIBEIRÃO PRETO;RIBEIRAO PRETO;AQUÍFERO GUARANI;Cravinhos;39;77;72;83;59;37;67;158;148;146;116;104;106;1212
FRANCA;FRANCA;TRÊS COLINAS;Cristais Paulista;1;3;7;15;23;10;17;8;16;25;15;0;0;140
MARÍLIA;ASSIS;ASSIS;Cruzália;0;0;0;1;0;1;0;5;1;2;1;4;2;17
TAUBATÉ;TAUBATE;CIRCUITO DA FÉ - VALE HISTÓRICO;Cruzeiro;2;2;4;6;14;14;27;32;24;42;28;5;0;200
BAIXADA SANTISTA;SANTOS;BAIXADA SANTISTA;Cubatão;4;4;0;0;5;2;2;3;4;5;3;0;0;32
TAUBATÉ;TAUBATE;CIRCUITO DA FÉ - VALE HISTÓRICO;Cunha;2;0;0;3;1;5;6;6;11;12;14;21;20;101
ARARAQUARA;ARARAQUARA;CORAÇÃO DO DRS III;Descalvado;1;0;0;0;1;8;6;19;33;40;61;68;118;355
GRANDE SÃO PAULO;SANTO ANDRE;GRANDE ABC;Diadema;8;19;25;37;56;87;108;196;227;214;188;177;55;1397
SÃO JOSÉ DO RIO PRETO;JALES;JALES;Dirce Reis;0;0;0;1;0;2;0;2;2;1;1;0;0;9
SÃO JOÃO DA BOA VISTA;SAO JOAO DA BOA VISTA;RIO PARDO;Divinolândia;0;0;0;0;0;1;0;0;0;4;4;6;1;16
ARARAQUARA;ARARAQUARA;NOROESTE DRS III;Dobrada;0;0;0;0;0;1;5;1;5;1;4;6;1;24
BAURU;BAURU;JAU;Dois Córregos;89;73;150;244;224;300;205;241;169;207;154;97;54;2207
SÃO JOSÉ DO RIO PRETO;JALES;JALES;Dolcinópolis;0;0;0;0;0;0;0;1;0;0;1;1;0;3
ARARAQUARA;ARARAQUARA;CORAÇÃO DO DRS III;Dourado;0;0;0;0;0;1;2;2;2;1;7;5;5;25
PRESIDENTE PRUDENTE;PRESIDENTE VENCESLAU;ALTA PAULISTA;Dracena;0;0;3;7;2;6;15;9;12;4;8;1;4;71
BAURU;BAURU;BAURU;Duartina;1;0;0;0;0;1;0;1;3;0;1;7;3;17
RIBEIRÃO PRETO;RIBEIRAO PRETO;HORIZONTE VERDE;Dumont;3;6;20;26;37;41;52;55;20;27;21;13;4;325
MARÍLIA;MARILIA;MARÍLIA;Echaporã;0;0;0;0;4;4;1;2;2;0;2;1;0;16
REGISTRO;REGISTRO;VALE DO RIBEIRA;Eldorado;0;0;0;0;5;8;13;10;5;10;25;49;53;178
PIRACICABA;PIRACICABA;PIRACICABA;Elias Fausto;0;1;0;2;3;6;8;12;13;7;14;10;12;88
SÃO JOSÉ DO RIO PRETO;SAO JOSE DO RIO PRETO;CATANDUVA;Elisiário;1;0;0;2;2;4;12;18;22;17;36;27;10;151
SÃO JOSÉ DO RIO PRETO;SAO JOSE DO RIO PRETO;CATANDUVA;Embaúba;1;0;0;5;1;0;1;1;2;3;5;2;1;22
GRANDE SÃO PAULO;OSASCO;MANANCIAIS;Embu das Artes;5;7;13;25;29;49;45;85;120;153;84;62;42;719
GRANDE SÃO PAULO;OSASCO;MANANCIAIS;Embu-Guaçu;0;1;4;8;9;18;10;27;48;83;67;57;72;404
PRESIDENTE PRUDENTE;PRESIDENTE PRUDENTE;ALTA SOROCABANA;Emilianópolis;0;0;0;0;0;1;0;0;0;0;0;0;0;1
PIRACICABA;PIRACICABA;LIMEIRA;Engenheiro Coelho;0;0;0;2;4;5;3;0;13;5;8;10;8;58
SÃO JOÃO DA BOA VISTA;SAO JOAO DA BOA VISTA;MANTIQUEIRA;Espírito Santo do Pinhal;3;5;9;14;19;42;70;77;83;138;70;136;63;729
MARÍLIA;ASSIS;OURINHOS;Espírito Santo do Turvo;0;0;0;1;0;0;0;0;0;0;2;3;1;7
SÃO JOSÉ DO RIO PRETO;JALES;FERNANDÓPOLIS;Estrela d'Oeste;0;0;0;0;0;0;1;1;1;2;2;0;1;8
PRESIDENTE PRUDENTE;PRESIDENTE PRUDENTE;ALTA SOROCABANA;Estrela do Norte;0;0;0;1;0;2;2;1;1;2;0;0;1;10
PRESIDENTE PRUDENTE;PRESIDENTE VENCESLAU;PONTAL DO PARANAPANEMA;Euclides da Cunha Paulista;0;0;0;0;0;0;0;0;2;0;1;0;0;3
BAURU;BOTUCATU;VALE DO JURUMIRIM;Fartura;0;0;1;0;0;2;3;11;21;22;40;28;6;134
SÃO JOSÉ DO RIO PRETO;JALES;FERNANDÓPOLIS;Fernandópolis;3;3;4;10;11;2;15;18;27;29;21;26;18;187
SÃO JOSÉ DO RIO PRETO;SAO JOSE DO RIO PRETO;CATANDUVA;Fernando Prestes;0;1;0;0;0;1;2;2;0;2;0;1;0;9
MARÍLIA;MARILIA;MARÍLIA;Fernão;0;0;0;0;0;0;1;0;1;0;4;3;2;11
GRANDE SÃO PAULO;MOGI DAS CRUZES;ALTO DO TIETÊ;Ferraz de Vasconcelos;3;8;25;35;47;80;78;94;138;135;114;175;75;1007
PRESIDENTE PRUDENTE;PRESIDENTE VENCESLAU;ALTA PAULISTA;Flora Rica;0;0;0;0;0;0;0;0;0;0;0;0;0;0
SÃO JOSÉ DO RIO PRETO;SAO JOSE DO RIO PRETO;VOTUPORANGA;Floreal;0;0;0;0;0;0;0;0;0;1;0;0;0;1
MARÍLIA;MARILIA;ADAMANTINA ;Flórida Paulista;0;0;0;0;3;4;2;3;2;1;4;0;4;23
MARÍLIA;ASSIS;ASSIS;Florínea;0;0;0;1;1;1;2;2;5;5;3;5;9;34
FRANCA;FRANCA;TRÊS COLINAS;Franca;57;94;160;230;266;237;329;378;270;248;62;7;5;2343
GRANDE SÃO PAULO;FRANCO DA ROCHA;FRANCO DA ROCHA;Francisco Morato;9;13;25;50;75;59;86;97;82;105;116;120;57;894
GRANDE SÃO PAULO;FRANCO DA ROCHA;FRANCO DA ROCHA;Franco da Rocha;109;126;196;279;252;245;390;453;658;651;606;164;25;4154
ARAÇATUBA;ARACATUBA;CONSÓRCIOS DO DRS II;Gabriel Monteiro;0;0;0;0;0;0;0;0;0;0;0;0;0;0
MARÍLIA;MARILIA;MARÍLIA;Gália;0;0;0;0;0;0;1;0;0;0;3;1;2;7
MARÍLIA;MARILIA;MARÍLIA;Garça;8;6;4;6;8;12;28;25;36;36;30;43;19;261
SÃO JOSÉ DO RIO PRETO;SAO JOSE DO RIO PRETO;VOTUPORANGA;Gastão Vidigal;0;0;0;1;0;1;1;1;0;1;0;0;0;5
ARARAQUARA;ARARAQUARA;CENTRAL DO DRS III;Gavião Peixoto;0;1;1;0;0;0;0;0;4;2;10;7;10;35
SÃO JOSÉ DO RIO PRETO;SAO JOSE DO RIO PRETO;VOTUPORANGA;General Salgado;0;0;0;0;0;1;0;0;0;0;0;2;0;3
BAURU;BAURU;LINS;Getulina;36;23;7;21;4;4;2;0;3;0;2;1;0;103
ARAÇATUBA;ARACATUBA;CONSÓRCIOS DO DRS II;Glicério;0;0;0;0;0;2;0;0;1;1;0;0;0;4
BAURU;BAURU;LINS;Guaiçara;1;0;1;2;1;0;4;4;1;2;2;3;0;21
MARÍLIA;MARILIA;MARÍLIA;Guaimbê;2;0;2;2;1;3;1;2;1;0;2;0;2;18
BARRETOS;BARRETOS;NORTE-BARRETOS;Guaíra;10;16;10;22;21;19;28;35;28;36;31;24;13;293
SÃO JOSÉ DO RIO PRETO;SAO JOSE DO RIO PRETO;SÃO JOSÉ DO RIO PRETO;Guapiaçu;0;3;3;10;6;6;6;11;6;4;7;6;3;71
SOROCABA;ITAPEVA;ITAPEVA;Guapiara;0;0;0;0;0;1;0;0;0;1;3;4;2;11
FRANCA;FRANCA;ALTA MOGIANA;Guará;2;1;1;4;7;9;32;11;12;4;5;0;0;88
ARAÇATUBA;ARACATUBA;LAGOS DO DRS II;Guaraçaí;0;0;0;0;0;0;1;0;1;0;2;1;1;6
BARRETOS;BARRETOS;NORTE-BARRETOS;Guaraci;1;0;3;0;1;2;6;6;14;12;10;23;2;80
SÃO JOSÉ DO RIO PRETO;JALES;FERNANDÓPOLIS;Guarani d'Oeste;0;0;0;0;0;0;0;0;2;1;4;0;0;7
MARÍLIA;MARILIA;MARÍLIA;Guarantã;0;0;1;0;0;0;4;2;0;1;0;0;0;8
ARAÇATUBA;ARACATUBA;CENTRAL DO DRS II;Guararapes;5;2;16;10;20;16;52;47;60;76;103;103;66;576
GRANDE SÃO PAULO;MOGI DAS CRUZES;ALTO DO TIETÊ;Guararema;2;4;21;19;34;28;32;32;42;72;23;13;3;325
TAUBATÉ;TAUBATE;CIRCUITO DA FÉ - VALE HISTÓRICO;Guaratinguetá;28;72;91;177;193;235;236;325;480;397;221;164;129;2748
SOROCABA;SOROCABA;ITAPETININGA;Guareí;1;1;1;3;1;3;7;5;6;14;19;24;18;103
RIBEIRÃO PRETO;RIBEIRAO PRETO;HORIZONTE VERDE;Guariba;1;0;4;1;2;5;15;17;23;30;30;37;15;180
BAIXADA SANTISTA;SANTOS;BAIXADA SANTISTA;Guarujá;14;32;37;64;97;229;342;482;503;418;397;195;24;2834
GRANDE SÃO PAULO;MOGI DAS CRUZES;ALTO DO TIETÊ;Guarulhos;123;252;387;567;975;1224;1798;2473;2895;3262;3703;4549;3307;25515
RIBEIRÃO PRETO;RIBEIRAO PRETO;AQUÍFERO GUARANI;Guatapará;0;0;0;0;1;1;2;2;1;2;2;5;0;16
ARAÇATUBA;ARACATUBA;CENTRAL DO DRS II;Guzolândia;0;0;0;0;0;0;0;0;0;1;0;0;0;1
MARÍLIA;MARILIA;TUPÃ;Herculândia;0;1;0;2;5;3;1;6;4;5;9;3;3;42
CAMPINAS;CAMPINAS;REG METRO CAMPINAS;Holambra;1;3;2;8;3;7;25;23;44;57;54;89;50;366
CAMPINAS;CAMPINAS;REG METRO CAMPINAS;Hortolândia;12;13;24;26;36;62;57;116;110;94;63;33;50;696
BAURU;BAURU;BAURU;Iacanga;0;2;2;1;7;8;7;7;11;14;14;20;12;105
MARÍLIA;MARILIA;TUPÃ;Iacri;0;4;1;2;3;3;6;15;13;10;2;0;1;60
BAURU;BOTUCATU;VALE DO JURUMIRIM;Iaras;0;1;0;0;0;0;4;1;1;1;3;0;0;11
ARARAQUARA;ARARAQUARA;CORAÇÃO DO DRS III;Ibaté;0;0;1;0;3;9;5;11;5;9;7;9;23;82
SÃO JOSÉ DO RIO PRETO;SAO JOSE DO RIO PRETO;SÃO JOSÉ DO RIO PRETO;Ibirá;0;0;1;2;1;1;3;2;4;3;0;0;1;18
MARÍLIA;ASSIS;OURINHOS;Ibirarema;0;0;0;0;0;0;4;6;4;8;14;13;27;76
ARARAQUARA;ARARAQUARA;NOROESTE DRS III;Ibitinga;0;1;2;1;3;7;7;6;7;12;11;16;23;96
SOROCABA;SOROCABA;SOROCABA;Ibiúna;0;0;0;0;1;3;4;5;11;11;15;14;7;71
SÃO JOSÉ DO RIO PRETO;SAO JOSE DO RIO PRETO;SÃO JOSÉ DO RIO PRETO;Icém;5;6;2;3;3;1;1;1;0;1;0;0;0;23
PRESIDENTE PRUDENTE;PRESIDENTE PRUDENTE;ALTO CAPIVARI;Iepê;0;1;0;2;0;0;0;1;0;0;0;0;0;4
BAURU;BAURU;JAU;Igaraçu do Tietê;0;0;0;1;2;3;5;9;20;14;19;24;37;134
FRANCA;FRANCA;ALTA MOGIANA;Igarapava;0;0;0;0;2;9;5;11;3;0;2;0;0;32
TAUBATÉ;SAO JOSE DOS CAMPOS;ALTO VALE DO PARAÍBA;Igaratá;0;0;0;0;1;8;11;9;4;13;20;42;36;144
REGISTRO;REGISTRO;VALE DO RIBEIRA;Iguape;5;13;18;24;31;15;40;108;173;197;163;186;125;1098
TAUBATÉ;CARAGUATATUBA;LITORAL NORTE;Ilhabela;3;18;13;25;35;56;81;96;132;144;197;262;57;1119
REGISTRO;REGISTRO;VALE DO RIBEIRA;Ilha Comprida;1;1;5;8;14;15;16;22;33;31;50;57;44;297
ARAÇATUBA;ARACATUBA;LAGOS DO DRS II;Ilha Solteira;0;1;1;0;0;0;1;3;3;1;2;0;1;13
CAMPINAS;CAMPINAS;REG METRO CAMPINAS;Indaiatuba;8;9;12;23;45;94;88;140;144;193;222;257;133;1368
PRESIDENTE PRUDENTE;PRESIDENTE PRUDENTE;ALTA SOROCABANA;Indiana;0;0;0;0;0;1;0;2;3;0;2;2;1;11
SÃO JOSÉ DO RIO PRETO;JALES;FERNANDÓPOLIS;Indiaporã;0;0;0;0;0;0;1;1;2;1;0;0;0;5
MARÍLIA;MARILIA;ADAMANTINA ;Inúbia Paulista;0;0;0;0;0;0;0;0;0;0;0;0;0;0
MARÍLIA;ASSIS;OURINHOS;Ipaussu;0;0;1;0;1;0;3;2;3;3;3;8;7;31
SOROCABA;SOROCABA;SOROCABA;Iperó;0;0;1;1;2;2;2;3;13;6;8;15;15;68
PIRACICABA;PIRACICABA;RIO CLARO;Ipeúna;0;0;0;0;2;2;11;7;5;17;20;20;3;87
SÃO JOSÉ DO RIO PRETO;SAO JOSE DO RIO PRETO;SÃO JOSÉ DO RIO PRETO;Ipiguá;0;0;2;1;2;1;1;2;0;1;0;0;0;10
REGISTRO;REGISTRO;VALE DO RIBEIRA;Iporanga;0;0;0;1;1;0;2;1;1;9;10;17;11;53
FRANCA;FRANCA;ALTA ANHANGUERA;Ipuã;0;0;0;0;0;0;1;2;0;1;0;3;0;7
PIRACICABA;PIRACICABA;LIMEIRA;Iracemápolis;4;2;5;5;11;15;22;16;32;37;46;81;65;341
SÃO JOSÉ DO RIO PRETO;SAO JOSE DO RIO PRETO;CATANDUVA;Irapuã;0;3;4;6;6;0;0;0;0;0;1;1;1;22
PRESIDENTE PRUDENTE;PRESIDENTE VENCESLAU;ALTA PAULISTA;Irapuru;2;2;1;2;0;1;0;7;2;4;0;0;0;21
SOROCABA;ITAPEVA;ITAPEVA;Itaberá;0;0;0;0;0;1;0;0;1;3;6;9;13;33
BAURU;BOTUCATU;VALE DO JURUMIRIM;Itaí;0;0;0;0;2;1;2;1;9;4;7;18;31;75
SÃO JOSÉ DO RIO PRETO;SAO JOSE DO RIO PRETO;CATANDUVA;Itajobi;2;2;0;0;4;3;5;4;9;11;20;14;5;79
BAURU;BAURU;JAU;Itaju;0;6;7;10;13;5;13;11;20;26;33;37;37;218
BAIXADA SANTISTA;SANTOS;BAIXADA SANTISTA;Itanhaém;6;4;9;13;13;27;29;57;66;69;89;72;87;541
SOROCABA;ITAPEVA;ITAPEVA;Itaóca;0;0;0;0;0;0;0;0;0;0;0;0;1;1
GRANDE SÃO PAULO;OSASCO;MANANCIAIS;Itapecerica da Serra;2;2;4;1;6;9;9;25;53;37;50;124;78;400
SOROCABA;SOROCABA;ITAPETININGA;Itapetininga;16;18;34;49;61;66;124;108;167;181;269;368;227;1688
SOROCABA;ITAPEVA;ITAPEVA;Itapeva;1;0;1;0;0;4;13;16;30;52;43;68;88;316
GRANDE SÃO PAULO;OSASCO;ROTA DOS BANDEIRANTES;Itapevi;0;1;0;2;0;5;13;14;14;25;27;20;8;129
SÃO JOÃO DA BOA VISTA;SAO JOAO DA BOA VISTA;BAIXA MOGIANA;Itapira;2;2;8;9;23;41;89;194;326;364;210;145;238;1651
SOROCABA;ITAPEVA;ITAPEVA;Itapirapuã Paulista;0;0;0;0;0;0;0;0;0;0;0;0;0;0
ARARAQUARA;ARARAQUARA;NOROESTE DRS III;Itápolis;2;3;2;5;4;1;6;4;6;6;6;3;6;54
BAURU;BOTUCATU;VALE DO JURUMIRIM;Itaporanga;0;0;1;0;0;0;1;0;3;2;6;6;4;23
BAURU;BAURU;JAU;Itapuí;0;0;0;0;1;0;2;3;3;6;24;23;17;79
ARAÇATUBA;ARACATUBA;LAGOS DO DRS II;Itapura;0;0;0;0;0;0;3;0;0;3;0;1;0;7
GRANDE SÃO PAULO;MOGI DAS CRUZES;ALTO DO TIETÊ;Itaquaquecetuba;7;15;34;92;105;122;155;178;144;144;68;71;33;1168
SOROCABA;ITAPEVA;ITAPEVA;Itararé;0;0;0;3;5;3;2;8;19;14;22;35;40;151
REGISTRO;REGISTRO;VALE DO RIBEIRA;Itariri;0;0;0;1;0;0;0;0;0;0;0;0;0;1
CAMPINAS;CAMPINAS;REG METRO CAMPINAS;Itatiba;17;26;70;111;85;117;166;155;196;211;222;171;145;1692
BAURU;BOTUCATU;POLO CUESTA;Itatinga;0;0;1;1;0;1;1;2;5;5;2;11;2;31
PIRACICABA;PIRACICABA;RIO CLARO;Itirapina;0;0;0;0;0;0;3;9;15;13;35;37;41;153
FRANCA;FRANCA;TRÊS COLINAS;Itirapuã;3;0;1;0;10;9;4;5;0;3;8;29;12;84
SÃO JOÃO DA BOA VISTA;SAO JOAO DA BOA VISTA;RIO PARDO;Itobi;0;0;0;1;0;1;2;4;10;17;19;13;0;67
SOROCABA;SOROCABA;SOROCABA;Itu;96;146;199;281;254;357;458;475;713;798;766;981;762;6286
CAMPINAS;CAMPINAS;JUNDIAÍ;Itupeva;1;0;3;3;3;7;10;14;12;15;17;34;19;138
FRANCA;FRANCA;ALTA MOGIANA;Ituverava;1;1;0;1;1;0;2;1;3;1;0;1;1;13
BARRETOS;BARRETOS;NORTE-BARRETOS;Jaborandi;0;0;2;4;1;5;3;6;14;6;8;5;6;60
RIBEIRÃO PRETO;RIBEIRAO PRETO;HORIZONTE VERDE;Jaboticabal;1;6;7;9;28;45;53;62;84;63;69;55;37;519
TAUBATÉ;SAO JOSE DOS CAMPOS;ALTO VALE DO PARAÍBA;Jacareí;313;451;652;978;845;1171;1494;1825;1996;1950;1796;2033;960;16464
SÃO JOSÉ DO RIO PRETO;SAO JOSE DO RIO PRETO;JOSÉ BONIFÁCIO;Jaci;1;0;1;1;0;2;2;0;0;2;1;1;0;11
REGISTRO;REGISTRO;VALE DO RIBEIRA;Jacupiranga;0;0;0;0;1;1;3;1;5;5;1;1;0;18
CAMPINAS;CAMPINAS;REG METRO CAMPINAS;Jaguariúna;7;11;21;31;60;100;183;224;340;339;413;497;365;2591
SÃO JOSÉ DO RIO PRETO;JALES;JALES;Jales;2;1;1;2;4;4;9;5;14;18;15;12;8;95
TAUBATÉ;SAO JOSE DOS CAMPOS;ALTO VALE DO PARAÍBA;Jambeiro;0;1;1;0;2;0;1;2;3;11;7;13;19;60
GRANDE SÃO PAULO;OSASCO;ROTA DOS BANDEIRANTES;Jandira;1;0;1;2;1;5;3;0;4;3;4;7;3;34
RIBEIRÃO PRETO;RIBEIRAO PRETO;AQUÍFERO GUARANI;Jardinópolis;6;24;45;33;49;19;73;79;77;119;118;84;16;742
CAMPINAS;CAMPINAS;JUNDIAÍ;Jarinu;2;1;1;2;4;3;6;16;6;8;9;16;6;80
BAURU;BAURU;JAU;Jaú;11;20;25;44;42;50;110;110;113;91;162;89;12;879
FRANCA;FRANCA;TRÊS COLINAS;Jeriquara;0;0;0;0;2;7;7;24;10;17;27;9;8;111
CAMPINAS;CAMPINAS;BRAGANÇA;Joanópolis;0;0;1;3;2;4;8;17;9;8;40;38;35;165
PRESIDENTE PRUDENTE;PRESIDENTE PRUDENTE;ALTO CAPIVARI;João Ramalho;0;0;0;0;0;0;0;0;0;0;0;0;0;0
SÃO JOSÉ DO RIO PRETO;SAO JOSE DO RIO PRETO;JOSÉ BONIFÁCIO;José Bonifácio;1;0;2;3;4;1;3;2;3;5;7;6;1;38
MARÍLIA;MARILIA;MARÍLIA;Júlio Mesquita;1;0;0;0;0;1;1;1;0;0;0;0;0;4
SOROCABA;SOROCABA;SOROCABA;Jumirim;0;0;0;0;0;0;0;0;0;0;0;0;0;0
CAMPINAS;CAMPINAS;JUNDIAÍ;Jundiaí;42;55;94;148;129;248;322;342;377;531;528;563;581;3960
PRESIDENTE PRUDENTE;PRESIDENTE VENCESLAU;ALTA PAULISTA;Junqueirópolis;0;0;0;1;2;3;1;0;0;0;1;2;2;12
REGISTRO;REGISTRO;VALE DO RIBEIRA;Juquiá;0;0;0;1;2;1;2;0;4;3;4;3;3;23
GRANDE SÃO PAULO;OSASCO;MANANCIAIS;Juquitiba;0;0;0;2;6;9;7;6;10;16;12;27;22;117
TAUBATÉ;TAUBATE;V. PARAÍBA-REG. SERRANA;Lagoinha;0;0;0;0;0;2;1;2;6;6;13;20;23;73
BAURU;BOTUCATU;POLO CUESTA;Laranjal Paulista;0;0;1;0;0;0;1;3;2;3;2;7;11;30
ARAÇATUBA;ARACATUBA;LAGOS DO DRS II;Lavínia;0;0;0;0;0;0;0;1;1;0;2;1;0;5
TAUBATÉ;TAUBATE;CIRCUITO DA FÉ - VALE HISTÓRICO;Lavrinhas;0;1;0;0;0;3;3;8;15;7;13;8;0;58
PIRACICABA;PIRACICABA;ARARAS;Leme;6;7;16;30;27;48;69;99;116;111;170;305;139;1143
BAURU;BAURU;BAURU;Lençóis Paulista;6;6;11;27;10;23;28;37;49;78;94;137;102;608
PIRACICABA;PIRACICABA;LIMEIRA;Limeira;25;41;59;55;64;91;96;126;146;130;136;181;176;1326
CAMPINAS;CAMPINAS;CIRCUITO DAS AGUAS;Lindóia;0;0;0;0;0;0;0;2;2;0;4;1;8;17
BAURU;BAURU;LINS;Lins;1;5;3;4;9;2;5;5;5;7;7;4;0;57
TAUBATÉ;TAUBATE;CIRCUITO DA FÉ - VALE HISTÓRICO;Lorena;4;13;34;57;101;203;230;280;435;415;492;142;17;2423
ARAÇATUBA;ARACATUBA;CONSÓRCIOS DO DRS II;Lourdes;0;0;0;0;0;0;0;0;0;0;0;2;1;3
CAMPINAS;CAMPINAS;JUNDIAÍ;Louveira;1;1;3;3;11;10;12;18;30;27;41;93;54;304
MARÍLIA;MARILIA;ADAMANTINA ;Lucélia;0;1;0;2;1;0;1;1;0;1;0;2;0;9
BAURU;BAURU;BAURU;Lucianópolis;0;0;0;2;1;2;19;4;7;5;3;2;5;50
RIBEIRÃO PRETO;RIBEIRAO PRETO;AQUÍFERO GUARANI;Luís Antônio;0;0;0;1;0;0;0;0;1;2;1;2;0;7
ARAÇATUBA;ARACATUBA;CONSÓRCIOS DO DRS II;Luiziânia;0;0;0;0;0;3;0;0;0;4;2;4;0;13
MARÍLIA;MARILIA;MARÍLIA;Lupércio;0;0;0;1;1;1;2;1;2;2;2;6;1;19
MARÍLIA;ASSIS;ASSIS;Lutécia;0;0;0;0;1;0;1;0;0;0;0;0;0;2
BAURU;BAURU;BAURU;Macatuba;2;1;1;6;8;7;15;18;21;24;36;68;52;259
SÃO JOSÉ DO RIO PRETO;SAO JOSE DO RIO PRETO;VOTUPORANGA;Macaubal;0;0;0;0;0;0;0;0;0;0;0;0;1;1
SÃO JOSÉ DO RIO PRETO;JALES;FERNANDÓPOLIS;Macedônia;0;0;0;0;0;0;0;0;0;0;0;0;0;0
SÃO JOSÉ DO RIO PRETO;SAO JOSE DO RIO PRETO;VOTUPORANGA;Magda;0;0;0;0;0;0;0;0;0;0;0;0;0;0
SOROCABA;SOROCABA;SOROCABA;Mairinque;0;0;0;0;4;4;7;15;23;29;31;62;31;206
GRANDE SÃO PAULO;FRANCO DA ROCHA;FRANCO DA ROCHA;Mairiporã;9;6;14;31;48;197;244;387;470;109;10;6;3;1534
BAURU;BOTUCATU;VALE DO JURUMIRIM;Manduri;0;4;8;18;11;27;26;7;18;41;44;71;71;346
PRESIDENTE PRUDENTE;PRESIDENTE VENCESLAU;EXTREMO OESTE PAULISTA;Marabá Paulista;0;0;1;0;0;0;0;1;1;8;2;3;0;16
MARÍLIA;ASSIS;ASSIS;Maracaí;0;0;0;0;1;3;7;11;16;15;28;19;20;120
SÃO JOSÉ DO RIO PRETO;SAO JOSE DO RIO PRETO;CATANDUVA;Marapoama;0;0;0;0;0;0;0;0;1;0;1;1;1;4
MARÍLIA;MARILIA;ADAMANTINA ;Mariápolis;0;0;0;0;0;0;0;0;1;0;0;0;0;1
MARÍLIA;MARILIA;MARÍLIA;Marília;127;193;262;310;284;412;492;448;453;486;401;471;282;4621
SÃO JOSÉ DO RIO PRETO;JALES;JALES;Marinópolis;0;0;0;4;2;0;2;3;2;1;0;1;0;15
PRESIDENTE PRUDENTE;PRESIDENTE PRUDENTE;ALTA SOROCABANA;Martinópolis;0;0;0;2;0;4;1;2;11;7;5;2;3;37
ARARAQUARA;ARARAQUARA;NOROESTE DRS III;Matão;2;2;3;15;6;13;16;29;43;42;74;66;49;360
GRANDE SÃO PAULO;SANTO ANDRE;GRANDE ABC;Mauá;5;5;10;46;71;114;170;273;304;399;488;643;676;3204
SÃO JOSÉ DO RIO PRETO;SAO JOSE DO RIO PRETO;JOSÉ BONIFÁCIO;Mendonça;1;1;0;0;1;0;1;0;2;1;1;1;2;11
SÃO JOSÉ DO RIO PRETO;JALES;FERNANDÓPOLIS;Meridiano;0;0;0;0;0;0;0;0;0;1;0;7;1;9
SÃO JOSÉ DO RIO PRETO;JALES;JALES;Mesópolis;0;0;0;0;0;0;0;0;5;2;4;7;6;24
FRANCA;FRANCA;ALTA MOGIANA;Miguelópolis;0;0;0;0;2;4;3;1;0;1;0;1;0;12
BAURU;BAURU;JAU;Mineiros do Tietê;1;4;14;16;22;75;113;118;224;222;270;312;232;1623
REGISTRO;REGISTRO;VALE DO RIBEIRA;Miracatu;0;0;1;0;4;5;4;2;0;1;3;0;1;21
SÃO JOSÉ DO RIO PRETO;JALES;FERNANDÓPOLIS;Mira Estrela;0;0;0;0;0;2;2;1;4;3;0;1;0;13
ARAÇATUBA;ARACATUBA;LAGOS DO DRS II;Mirandópolis;5;3;7;1;3;2;3;4;6;9;5;3;2;53
PRESIDENTE PRUDENTE;PRESIDENTE VENCESLAU;PONTAL DO PARANAPANEMA;Mirante do Paranapanema;0;0;0;0;0;0;1;0;1;1;2;1;0;6
SÃO JOSÉ DO RIO PRETO;SAO JOSE DO RIO PRETO;SÃO JOSÉ DO RIO PRETO;Mirassol;1;3;6;0;16;12;10;8;7;2;6;4;7;82
SÃO JOSÉ DO RIO PRETO;SAO JOSE DO RIO PRETO;SÃO JOSÉ DO RIO PRETO;Mirassolândia;0;0;0;2;1;1;7;5;4;5;4;9;4;42
SÃO JOÃO DA BOA VISTA;SAO JOAO DA BOA VISTA;RIO PARDO;Mococa;17;4;32;43;83;91;145;159;145;196;254;193;105;1467
GRANDE SÃO PAULO;MOGI DAS CRUZES;ALTO DO TIETÊ;Mogi das Cruzes;2;11;29;68;86;146;229;244;383;451;226;243;196;2314
SÃO JOÃO DA BOA VISTA;SAO JOAO DA BOA VISTA;BAIXA MOGIANA;Mogi Guaçu;8;6;12;15;20;15;42;69;77;76;77;68;67;552
SÃO JOÃO DA BOA VISTA;SAO JOAO DA BOA VISTA;BAIXA MOGIANA;Mogi Mirim;2;3;7;9;15;29;49;93;73;55;31;52;38;456
PIRACICABA;PIRACICABA;PIRACICABA;Mombuca;0;0;1;0;0;0;1;1;1;1;2;1;0;8
SÃO JOSÉ DO RIO PRETO;SAO JOSE DO RIO PRETO;VOTUPORANGA;Monções;1;0;0;0;0;0;0;0;0;0;0;0;2;3
BAIXADA SANTISTA;SANTOS;BAIXADA SANTISTA;Mongaguá;1;1;1;3;1;3;1;11;11;33;25;37;18;146
CAMPINAS;CAMPINAS;CIRCUITO DAS AGUAS;Monte Alegre do Sul;0;0;0;1;0;0;1;0;1;0;4;5;6;18
RIBEIRÃO PRETO;RIBEIRAO PRETO;HORIZONTE VERDE;Monte Alto;8;9;15;21;25;38;25;30;51;53;55;74;47;451
SÃO JOSÉ DO RIO PRETO;SAO JOSE DO RIO PRETO;JOSÉ BONIFÁCIO;Monte Aprazível;0;0;0;2;6;2;3;6;2;1;0;3;2;27
BARRETOS;BARRETOS;SUL-BARRETOS;Monte Azul Paulista;75;57;44;47;61;33;31;53;43;24;44;31;24;567
PRESIDENTE PRUDENTE;PRESIDENTE VENCESLAU;ALTA PAULISTA;Monte Castelo;0;1;0;0;0;0;1;0;0;1;3;1;2;9
TAUBATÉ;SAO JOSE DOS CAMPOS;ALTO VALE DO PARAÍBA;Monteiro Lobato;0;0;0;1;0;0;0;2;0;2;5;8;0;18
CAMPINAS;CAMPINAS;REG METRO CAMPINAS;Monte Mor;0;1;5;5;13;8;24;42;45;88;70;204;177;682
FRANCA;FRANCA;ALTA ANHANGUERA;Morro Agudo;0;1;3;1;2;2;2;6;8;2;11;16;3;57
CAMPINAS;CAMPINAS;REG METRO CAMPINAS;Morungaba;0;3;0;3;5;7;6;4;5;9;8;24;2;76
ARARAQUARA;ARARAQUARA;CENTRAL DO DRS III;Motuca;0;1;0;0;0;0;0;0;0;0;3;2;0;6
ARAÇATUBA;ARACATUBA;LAGOS DO DRS II;Murutinga do Sul;0;0;0;0;0;0;0;0;0;0;0;0;0;0
PRESIDENTE PRUDENTE;PRESIDENTE PRUDENTE;ALTO CAPIVARI;Nantes;0;0;0;1;0;0;2;0;2;3;0;4;3;15
PRESIDENTE PRUDENTE;PRESIDENTE PRUDENTE;ALTA SOROCABANA;Narandiba;0;0;0;0;0;0;0;0;0;0;0;0;0;0
TAUBATÉ;TAUBATE;V. PARAÍBA-REG. SERRANA;Natividade da Serra;0;0;0;0;0;0;0;0;1;4;2;9;5;21
CAMPINAS;CAMPINAS;BRAGANÇA;Nazaré Paulista;0;0;0;1;0;1;1;1;1;0;0;0;1;6
SÃO JOSÉ DO RIO PRETO;SAO JOSE DO RIO PRETO;SÃO JOSÉ DO RIO PRETO;Neves Paulista;0;0;0;2;1;2;5;3;3;4;4;1;0;25
SÃO JOSÉ DO RIO PRETO;SAO JOSE DO RIO PRETO;VOTUPORANGA;Nhandeara;0;0;0;0;2;3;0;0;0;0;1;3;2;11
SÃO JOSÉ DO RIO PRETO;SAO JOSE DO RIO PRETO;JOSÉ BONIFÁCIO;Nipoã;1;0;0;0;1;0;0;0;0;0;0;0;0;2
SÃO JOSÉ DO RIO PRETO;SAO JOSE DO RIO PRETO;SÃO JOSÉ DO RIO PRETO;Nova Aliança;0;0;0;1;0;0;1;1;2;0;1;2;1;9
SOROCABA;ITAPEVA;ITAPEVA;Nova Campina;0;0;0;0;0;1;0;0;1;2;5;2;5;16
SÃO JOSÉ DO RIO PRETO;JALES;SANTA FÉ DO SUL;Nova Canaã Paulista;0;0;0;0;0;0;0;0;0;0;0;0;0;0
ARAÇATUBA;ARACATUBA;CENTRAL DO DRS II;Nova Castilho;0;0;0;0;0;0;0;0;0;0;0;1;0;1
ARARAQUARA;ARARAQUARA;NOROESTE DRS III;Nova Europa;0;0;0;0;2;1;2;6;4;5;5;7;1;33
SÃO JOSÉ DO RIO PRETO;SAO JOSE DO RIO PRETO;SÃO JOSÉ DO RIO PRETO;Nova Granada;1;0;0;0;4;3;2;4;3;3;3;0;0;23
PRESIDENTE PRUDENTE;PRESIDENTE VENCESLAU;ALTA PAULISTA;Nova Guataporanga;0;0;0;0;1;1;2;3;2;2;1;1;0;13
ARAÇATUBA;ARACATUBA;LAGOS DO DRS II;Nova Independência;0;0;0;0;2;0;2;1;0;2;1;0;3;11
SÃO JOSÉ DO RIO PRETO;SAO JOSE DO RIO PRETO;CATANDUVA;Novais;0;0;1;0;1;0;1;0;7;3;5;2;0;20
ARAÇATUBA;ARACATUBA;CENTRAL DO DRS II;Nova Luzitânia;0;0;0;0;0;0;0;0;0;0;0;1;0;1
CAMPINAS;CAMPINAS;REG METRO CAMPINAS;Nova Odessa;4;6;10;8;17;45;52;98;127;178;255;300;272;1372
SÃO JOSÉ DO RIO PRETO;SAO JOSE DO RIO PRETO;CATANDUVA;Novo Horizonte;0;4;2;10;6;8;20;17;18;31;41;48;28;233
FRANCA;FRANCA;ALTA ANHANGUERA;Nuporanga;3;7;2;4;5;1;10;12;8;7;7;19;10;95
MARÍLIA;MARILIA;MARÍLIA;Ocauçu;0;1;4;5;4;2;4;2;2;9;1;3;1;38
MARÍLIA;ASSIS;OURINHOS;Óleo;0;0;0;0;0;1;0;1;2;4;6;10;9;33
BARRETOS;BARRETOS;NORTE-BARRETOS;Olímpia;46;49;91;94;100;91;178;139;140;162;224;137;57;1508
SÃO JOSÉ DO RIO PRETO;SAO JOSE DO RIO PRETO;SÃO JOSÉ DO RIO PRETO;Onda Verde;1;2;6;4;7;11;7;13;13;3;4;6;4;81
MARÍLIA;MARILIA;MARÍLIA;Oriente;1;0;2;1;5;8;3;8;11;9;9;11;5;73
SÃO JOSÉ DO RIO PRETO;SAO JOSE DO RIO PRETO;SÃO JOSÉ DO RIO PRETO;Orindiúva;1;1;0;1;0;5;3;1;5;2;1;4;4;28
FRANCA;FRANCA;ALTA ANHANGUERA;Orlândia;0;0;5;2;3;4;5;5;4;8;10;11;6;63
GRANDE SÃO PAULO;OSASCO;ROTA DOS BANDEIRANTES;Osasco;39;68;109;126;204;327;453;636;844;819;736;623;241;5225
MARÍLIA;MARILIA;MARÍLIA;Oscar Bressane;0;0;0;2;2;2;4;2;1;0;1;1;0;15
MARÍLIA;MARILIA;ADAMANTINA ;Osvaldo Cruz;2;3;3;2;4;11;13;29;29;36;30;20;5;187
MARÍLIA;ASSIS;OURINHOS;Ourinhos;10;26;19;33;39;55;42;63;87;75;75;69;43;636
SÃO JOSÉ DO RIO PRETO;JALES;FERNANDÓPOLIS;Ouroeste;3;7;4;5;3;6;12;11;7;9;12;9;2;90
PRESIDENTE PRUDENTE;PRESIDENTE VENCESLAU;ALTA PAULISTA;Ouro Verde;1;1;0;0;0;0;0;0;2;0;1;0;0;5
MARÍLIA;MARILIA;ADAMANTINA ;Pacaembu;0;0;1;1;0;0;2;6;3;1;5;2;0;21
SÃO JOSÉ DO RIO PRETO;SAO JOSE DO RIO PRETO;SÃO JOSÉ DO RIO PRETO;Palestina;0;1;0;3;3;4;7;1;0;3;3;0;0;25
SÃO JOSÉ DO RIO PRETO;SAO JOSE DO RIO PRETO;CATANDUVA;Palmares Paulista;82;78;73;94;79;39;55;15;6;3;3;1;0;528
SÃO JOSÉ DO RIO PRETO;JALES;JALES;Palmeira d'Oeste;0;0;1;1;2;9;7;5;4;3;2;0;1;35
MARÍLIA;ASSIS;ASSIS;Palmital;0;0;3;4;7;3;6;2;4;7;13;15;26;90
PRESIDENTE PRUDENTE;PRESIDENTE VENCESLAU;ALTA PAULISTA;Panorama;0;1;1;1;1;0;2;5;3;1;1;1;0;17
MARÍLIA;ASSIS;ASSIS;Paraguaçu Paulista;0;2;8;7;9;24;34;30;20;43;31;34;14;256
TAUBATÉ;SAO JOSE DOS CAMPOS;ALTO VALE DO PARAÍBA;Paraibuna;0;2;0;2;3;2;3;14;12;5;6;8;2;59
SÃO JOSÉ DO RIO PRETO;SAO JOSE DO RIO PRETO;CATANDUVA;Paraíso;20;14;37;42;26;23;13;22;13;16;6;1;2;235
BAURU;BOTUCATU;VALE DO JURUMIRIM;Paranapanema;0;0;0;0;0;0;0;1;0;0;2;10;5;18
SÃO JOSÉ DO RIO PRETO;JALES;JALES;Paranapuã;0;0;0;3;0;0;1;2;1;3;2;0;2;14
MARÍLIA;MARILIA;TUPÃ;Parapuã;1;1;2;0;2;2;5;8;2;4;5;4;7;43
BAURU;BOTUCATU;POLO CUESTA;Pardinho;1;0;0;1;0;0;0;0;1;2;1;3;0;9
REGISTRO;REGISTRO;VALE DO RIBEIRA;PariqueraÁAçu;0;0;0;2;0;1;0;1;12;15;14;7;8;60
SÃO JOSÉ DO RIO PRETO;SAO JOSE DO RIO PRETO;VOTUPORANGA;Parisi;0;0;2;1;3;3;2;11;7;15;23;16;7;90
FRANCA;FRANCA;TRÊS COLINAS;Patrocínio Paulista;0;0;0;0;6;20;31;32;15;9;14;16;6;149
PRESIDENTE PRUDENTE;PRESIDENTE VENCESLAU;ALTA PAULISTA;Paulicéia;0;0;2;1;1;1;5;5;3;0;0;0;0;18
CAMPINAS;CAMPINAS;REG METRO CAMPINAS;Paulínia;29;30;44;62;71;63;108;156;162;171;179;197;159;1431
BAURU;BAURU;BAURU;Paulistânia;0;0;0;0;0;0;0;0;0;1;1;5;1;8
SÃO JOSÉ DO RIO PRETO;SAO JOSE DO RIO PRETO;SÃO JOSÉ DO RIO PRETO;Paulo de Faria;3;8;7;5;20;24;38;31;69;84;81;28;14;412
BAURU;BAURU;BAURU;Pederneiras;133;221;291;292;282;230;285;253;115;71;117;105;82;2477
CAMPINAS;CAMPINAS;BRAGANÇA;Pedra Bela;0;0;0;0;0;1;2;4;4;2;0;3;2;18
SÃO JOSÉ DO RIO PRETO;JALES;FERNANDÓPOLIS;Pedranópolis;0;0;0;0;0;1;0;0;0;0;1;1;0;3
FRANCA;FRANCA;TRÊS COLINAS;Pedregulho;8;20;17;34;17;12;17;11;13;4;4;2;0;159
CAMPINAS;CAMPINAS;REG METRO CAMPINAS;Pedreira;1;2;3;3;6;4;19;42;23;30;34;23;49;239
MARÍLIA;ASSIS;ASSIS;Pedrinhas Paulista;0;0;0;0;0;0;0;2;8;6;4;9;4;33
REGISTRO;REGISTRO;VALE DO RIBEIRA;Pedro de Toledo;0;0;0;0;0;0;0;0;0;0;0;0;0;0
ARAÇATUBA;ARACATUBA;CONSÓRCIOS DO DRS II;Penápolis;0;0;0;0;2;2;3;1;2;0;0;4;1;15
ARAÇATUBA;ARACATUBA;LAGOS DO DRS II;Pereira Barreto;0;1;0;0;0;0;1;4;3;3;4;5;11;32
BAURU;BOTUCATU;POLO CUESTA;Pereiras;0;0;0;0;0;2;1;1;0;0;0;2;0;6
BAIXADA SANTISTA;SANTOS;BAIXADA SANTISTA;Peruíbe;2;4;4;2;13;22;23;24;28;56;54;97;103;432
ARAÇATUBA;ARACATUBA;CONSÓRCIOS DO DRS II;Piacatu;1;0;0;1;0;0;1;2;1;1;1;0;0;8
SOROCABA;SOROCABA;SOROCABA;Piedade;0;1;0;2;0;1;2;7;7;11;10;18;22;81
SOROCABA;SOROCABA;SOROCABA;Pilar do Sul;0;0;4;0;0;0;1;4;3;1;8;4;2;27
TAUBATÉ;TAUBATE;V. PARAÍBA-REG. SERRANA;Pindamonhangaba;428;559;763;859;906;1118;1323;1300;1107;520;422;110;43;9458
SÃO JOSÉ DO RIO PRETO;SAO JOSE DO RIO PRETO;CATANDUVA;Pindorama;8;7;3;12;9;12;22;18;28;23;22;37;34;235
CAMPINAS;CAMPINAS;BRAGANÇA;Pinhalzinho;0;0;1;1;2;2;1;3;3;3;1;0;0;17
PRESIDENTE PRUDENTE;PRESIDENTE VENCESLAU;EXTREMO OESTE PAULISTA;Piquerobi;0;0;0;0;0;0;0;0;0;1;1;0;0;2
TAUBATÉ;TAUBATE;CIRCUITO DA FÉ - VALE HISTÓRICO;Piquete;0;1;2;6;6;12;19;43;39;45;30;46;62;311
CAMPINAS;CAMPINAS;BRAGANÇA;Piracaia;0;0;0;3;0;2;1;4;1;0;0;0;0;11
PIRACICABA;PIRACICABA;PIRACICABA;Piracicaba;130;207;238;390;303;321;404;528;602;852;1074;1267;1013;7329
BAURU;BOTUCATU;VALE DO JURUMIRIM;Piraju;0;0;1;9;6;13;24;15;36;38;82;105;77;406
BAURU;BAURU;BAURU;Pirajuí;0;0;0;1;0;0;1;2;1;1;1;2;0;9
SÃO JOSÉ DO RIO PRETO;SAO JOSE DO RIO PRETO;CATANDUVA;Pirangi;1;3;1;7;32;24;38;36;35;39;43;28;16;303
GRANDE SÃO PAULO;OSASCO;ROTA DOS BANDEIRANTES;Pirapora do Bom Jesus;0;0;0;0;0;3;4;1;3;5;4;1;3;24
PRESIDENTE PRUDENTE;PRESIDENTE PRUDENTE;ALTA SOROCABANA;Pirapozinho;0;0;2;2;0;1;1;2;1;6;5;1;2;23
PIRACICABA;PIRACICABA;ARARAS;Pirassununga;35;34;54;61;68;78;153;170;220;276;263;230;161;1803
BAURU;BAURU;BAURU;Piratininga;0;0;0;0;1;0;4;3;1;4;1;4;1;19
RIBEIRÃO PRETO;RIBEIRAO PRETO;HORIZONTE VERDE;Pitangueiras;0;0;4;6;4;3;10;15;20;9;25;24;16;136
SÃO JOSÉ DO RIO PRETO;SAO JOSE DO RIO PRETO;JOSÉ BONIFÁCIO;Planalto;2;1;1;1;2;4;2;2;1;2;0;0;0;18
MARÍLIA;ASSIS;ASSIS;Platina;1;0;0;2;2;7;5;6;2;0;9;5;4;43
GRANDE SÃO PAULO;MOGI DAS CRUZES;ALTO DO TIETÊ;Poá;6;9;10;35;30;91;91;18;13;3;8;7;7;328
SÃO JOSÉ DO RIO PRETO;SAO JOSE DO RIO PRETO;JOSÉ BONIFÁCIO;Poloni;0;0;0;0;0;0;0;0;0;0;0;0;0;0
MARÍLIA;MARILIA;MARÍLIA;Pompéia;3;3;3;7;7;4;0;7;20;21;20;27;24;146
BAURU;BAURU;LINS;Pongaí;4;12;27;7;7;6;5;8;5;4;7;2;0;94
RIBEIRÃO PRETO;RIBEIRAO PRETO;HORIZONTE VERDE;Pontal;3;6;8;10;16;12;22;30;30;30;37;43;22;269
SÃO JOSÉ DO RIO PRETO;JALES;JALES;Pontalinda;0;0;0;0;0;0;1;0;0;0;1;0;1;3
SÃO JOSÉ DO RIO PRETO;SAO JOSE DO RIO PRETO;VOTUPORANGA;Pontes Gestal;0;0;0;0;2;0;0;1;1;1;3;0;5;13
SÃO JOSÉ DO RIO PRETO;JALES;FERNANDÓPOLIS;Populina;0;1;1;0;1;0;0;4;16;2;1;1;3;30
BAURU;BOTUCATU;POLO CUESTA;Porangaba;0;0;0;0;0;0;0;0;0;1;1;2;12;16
SOROCABA;SOROCABA;SOROCABA;Porto Feliz;2;3;6;4;8;4;10;15;29;31;25;70;57;264
ARARAQUARA;ARARAQUARA;CORAÇÃO DO DRS III;Porto Ferreira;5;1;3;4;8;11;27;22;25;34;67;51;58;316
TAUBATÉ;TAUBATE;CIRCUITO DA FÉ - VALE HISTÓRICO;Potim;8;5;13;11;34;63;56;64;67;72;38;15;12;458
SÃO JOSÉ DO RIO PRETO;SAO JOSE DO RIO PRETO;SÃO JOSÉ DO RIO PRETO;Potirendaba;1;2;0;0;1;0;3;1;3;1;1;1;2;16
MARÍLIA;MARILIA;ADAMANTINA ;Pracinha;0;0;0;0;0;0;0;0;0;0;0;0;0;0
RIBEIRÃO PRETO;RIBEIRAO PRETO;HORIZONTE VERDE;Pradópolis;0;3;0;2;0;1;0;3;1;0;3;2;4;19
BAIXADA SANTISTA;SANTOS;BAIXADA SANTISTA;Praia Grande;1;4;12;14;25;26;39;60;34;37;16;10;3;281
BAURU;BOTUCATU;POLO CUESTA;Pratânia;0;0;0;0;0;0;0;2;1;2;3;2;10;20
BAURU;BAURU;BAURU;Presidente Alves;0;0;0;0;1;0;0;4;0;0;0;0;0;5
PRESIDENTE PRUDENTE;PRESIDENTE PRUDENTE;ALTA SOROCABANA;Presidente Bernardes;0;0;0;0;0;1;1;1;1;0;0;1;1;6
PRESIDENTE PRUDENTE;PRESIDENTE VENCESLAU;EXTREMO OESTE PAULISTA;Presidente Epitácio;0;0;0;0;0;1;5;1;1;1;1;1;2;13
PRESIDENTE PRUDENTE;PRESIDENTE PRUDENTE;ALTA SOROCABANA;Presidente Prudente;1;2;1;5;4;2;8;8;9;10;8;15;13;86
PRESIDENTE PRUDENTE;PRESIDENTE VENCESLAU;EXTREMO OESTE PAULISTA;Presidente Venceslau;0;0;1;1;1;1;0;2;3;4;0;2;2;17
BAURU;BAURU;LINS;Promissão;0;0;1;3;2;4;4;1;1;1;6;1;3;27
SOROCABA;SOROCABA;ITAPETININGA;Quadra;0;0;0;0;0;0;0;0;0;0;0;0;0;0
PRESIDENTE PRUDENTE;PRESIDENTE PRUDENTE;ALTO CAPIVARI;Quatá;0;0;0;0;0;0;2;3;3;2;3;2;0;15
MARÍLIA;MARILIA;TUPÃ;Queiroz;0;0;0;0;0;0;4;10;0;1;0;0;1;16
TAUBATÉ;TAUBATE;CIRCUITO DA FÉ - VALE HISTÓRICO;Queluz;0;1;0;0;0;1;0;2;3;1;1;3;9;21
MARÍLIA;MARILIA;MARÍLIA;Quintana;0;1;1;0;0;2;0;0;0;1;0;1;0;6
PIRACICABA;PIRACICABA;PIRACICABA;Rafard;4;2;5;4;7;11;24;30;37;54;78;65;92;413
PRESIDENTE PRUDENTE;PRESIDENTE PRUDENTE;ALTO CAPIVARI;Rancharia;1;1;1;2;0;2;2;4;6;9;7;4;8;47
TAUBATÉ;TAUBATE;V. PARAÍBA-REG. SERRANA;Redenção da Serra;0;0;0;0;0;0;2;5;3;8;7;20;17;62
PRESIDENTE PRUDENTE;PRESIDENTE PRUDENTE;ALTA SOROCABANA;Regente Feijó;0;0;0;0;0;0;1;0;4;1;5;2;1;14
BAURU;BAURU;BAURU;Reginópolis;1;1;8;4;13;20;44;34;34;43;56;69;31;358
REGISTRO;REGISTRO;VALE DO RIBEIRA;Registro;2;4;6;16;20;8;22;71;159;121;71;47;37;584
FRANCA;FRANCA;TRÊS COLINAS;Restinga;7;14;9;34;10;18;39;41;27;32;10;12;9;262
SOROCABA;ITAPEVA;ITAPEVA;Ribeira;0;0;0;0;0;0;0;0;0;0;0;0;5;5
ARARAQUARA;ARARAQUARA;CORAÇÃO DO DRS III;Ribeirão Bonito;0;1;0;3;1;7;6;18;17;14;18;24;21;130
SOROCABA;ITAPEVA;ITAPEVA;Ribeirão Branco;0;0;0;0;0;0;1;0;0;0;0;0;0;1
FRANCA;FRANCA;TRÊS COLINAS;Ribeirão Corrente;2;1;5;3;6;5;4;4;3;7;0;0;0;40
MARÍLIA;ASSIS;OURINHOS;Ribeirão do Sul;0;1;1;0;2;0;2;1;0;0;0;1;0;8
PRESIDENTE PRUDENTE;PRESIDENTE PRUDENTE;ALTA SOROCABANA;Ribeirão dos Ándios;0;0;0;0;1;0;0;0;0;1;0;0;0;2
SOROCABA;SOROCABA;ITAPETININGA;Ribeirão Grande;0;0;0;0;0;0;0;0;1;1;1;1;1;5
GRANDE SÃO PAULO;SANTO ANDRE;GRANDE ABC;Ribeirão Pires;0;0;1;2;5;6;4;8;14;20;16;30;24;130
RIBEIRÃO PRETO;RIBEIRAO PRETO;AQUÍFERO GUARANI;Ribeirão Preto;360;539;638;900;1031;1201;1619;1537;1605;1517;1119;974;596;13636
SOROCABA;ITAPEVA;ITAPEVA;Riversul;0;0;0;0;0;1;1;17;14;11;36;23;19;122
FRANCA;FRANCA;TRÊS COLINAS;Rifaina;0;0;0;1;2;0;0;1;0;1;7;10;8;30
ARARAQUARA;ARARAQUARA;CENTRAL DO DRS III;Rincão;0;0;0;0;1;1;2;3;3;4;14;5;1;34
MARÍLIA;MARILIA;TUPÃ;Rinópolis;0;2;0;1;0;1;1;1;1;0;0;0;0;7
PIRACICABA;PIRACICABA;RIO CLARO;Rio Claro;6;4;7;9;16;36;58;78;84;145;139;130;127;839
PIRACICABA;PIRACICABA;PIRACICABA;Rio das Pedras;1;1;1;2;3;4;8;6;16;11;10;21;11;95
GRANDE SÃO PAULO;SANTO ANDRE;GRANDE ABC;Rio Grande da Serra;0;0;0;1;1;4;6;5;2;1;2;1;1;24
SÃO JOSÉ DO RIO PRETO;SAO JOSE DO RIO PRETO;VOTUPORANGA;Riolândia;0;1;0;0;2;1;0;2;1;3;5;4;6;25
PRESIDENTE PRUDENTE;PRESIDENTE VENCESLAU;PONTAL DO PARANAPANEMA;Rosana;0;0;0;0;2;5;2;2;6;2;2;2;0;23
TAUBATÉ;TAUBATE;CIRCUITO DA FÉ - VALE HISTÓRICO;Roseira;4;12;14;16;10;19;31;24;34;47;40;31;25;307
ARAÇATUBA;ARACATUBA;CENTRAL DO DRS II;Rubiácea;0;0;0;1;0;0;2;1;3;1;2;0;0;10
SÃO JOSÉ DO RIO PRETO;JALES;SANTA FÉ DO SUL;Rubinéia;0;0;0;0;0;0;0;2;0;0;0;2;1;5
BAURU;BAURU;LINS;Sabino;0;0;0;2;0;0;1;0;0;1;2;9;1;16
MARÍLIA;MARILIA;ADAMANTINA ;Sagres;1;2;1;1;0;0;1;1;1;3;0;3;3;17
SÃO JOSÉ DO RIO PRETO;SAO JOSE DO RIO PRETO;CATANDUVA;Sales;6;20;24;42;29;20;30;16;16;17;15;11;8;254
FRANCA;FRANCA;ALTA ANHANGUERA;Sales Oliveira;0;0;0;0;0;2;3;5;0;1;0;2;2;15
GRANDE SÃO PAULO;MOGI DAS CRUZES;ALTO DO TIETÊ;Salesópolis;0;0;0;0;0;0;0;3;1;3;1;0;0;8
MARÍLIA;MARILIA;ADAMANTINA ;Salmourão;0;0;0;2;0;3;1;0;4;1;1;0;0;12
PIRACICABA;PIRACICABA;PIRACICABA;Saltinho;0;0;3;3;0;1;4;5;18;26;39;64;76;239
SOROCABA;SOROCABA;SOROCABA;Salto;7;7;15;12;19;29;44;50;68;83;152;187;122;795
SOROCABA;SOROCABA;SOROCABA;Salto de Pirapora;0;0;1;1;0;6;7;7;17;14;20;53;78;204
MARÍLIA;ASSIS;OURINHOS;Salto Grande;0;1;0;0;1;0;1;1;0;1;0;0;0;5
PRESIDENTE PRUDENTE;PRESIDENTE PRUDENTE;ALTA SOROCABANA;Sandovalina;0;0;0;0;0;0;0;0;0;1;1;2;1;5
SÃO JOSÉ DO RIO PRETO;SAO JOSE DO RIO PRETO;CATANDUVA;Santa Adélia;0;2;3;5;6;9;4;9;13;2;11;6;6;76
SÃO JOSÉ DO RIO PRETO;JALES;JALES;Santa Albertina;0;0;0;1;1;0;0;0;1;0;0;0;0;3
CAMPINAS;CAMPINAS;REG METRO CAMPINAS;Santa Bárbara d'Oeste;10;26;26;34;66;65;93;108;196;207;211;164;37;1243
TAUBATÉ;SAO JOSE DOS CAMPOS;ALTO VALE DO PARAÍBA;Santa Branca;0;2;2;13;14;30;47;66;96;29;38;61;100;498
SÃO JOSÉ DO RIO PRETO;JALES;SANTA FÉ DO SUL;Santa Clara d'Oeste;0;0;0;0;0;0;0;0;0;0;0;0;0;0
PIRACICABA;PIRACICABA;ARARAS;Santa Cruz da Conceição;0;0;0;1;0;0;1;1;1;0;0;6;8;18
RIBEIRÃO PRETO;RIBEIRAO PRETO;VALE DAS CACHOEIRAS;Santa Cruz da Esperança;0;0;0;0;0;0;0;0;0;5;10;15;18;48
SÃO JOÃO DA BOA VISTA;SAO JOAO DA BOA VISTA;MANTIQUEIRA;Santa Cruz das Palmeiras;15;27;52;101;96;125;194;98;165;115;63;83;23;1157
MARÍLIA;ASSIS;OURINHOS;Santa Cruz do Rio Pardo;2;4;4;11;6;17;17;21;27;12;48;67;110;346
ARARAQUARA;ARARAQUARA;NOROESTE DRS III;Santa Ernestina;0;1;1;1;0;0;0;1;0;0;1;0;1;6
SÃO JOSÉ DO RIO PRETO;JALES;SANTA FÉ DO SUL;Santa Fé do Sul;0;3;3;3;1;0;1;3;6;3;4;2;1;30
PIRACICABA;PIRACICABA;RIO CLARO;Santa Gertrudes;0;3;2;7;7;10;12;33;41;45;59;75;38;332
GRANDE SÃO PAULO;MOGI DAS CRUZES;ALTO DO TIETÊ;Santa Isabel;5;2;9;28;20;28;51;70;75;60;122;107;61;638
ARARAQUARA;ARARAQUARA;CENTRAL DO DRS III;Santa Lúcia;0;0;0;0;0;0;0;1;0;0;2;0;0;3
PIRACICABA;PIRACICABA;PIRACICABA;Santa Maria da Serra;0;1;0;0;1;0;0;3;1;2;5;5;5;23
PRESIDENTE PRUDENTE;PRESIDENTE VENCESLAU;ALTA PAULISTA;Santa Mercedes;0;2;0;0;1;0;0;0;0;2;0;0;0;5
SÃO JOSÉ DO RIO PRETO;JALES;JALES;Santana da Ponte Pensa;0;0;0;0;0;0;1;0;0;0;0;0;0;1
GRANDE SÃO PAULO;OSASCO;ROTA DOS BANDEIRANTES;Santana de Parnaíba;3;3;4;19;15;27;47;77;107;174;268;416;325;1485
SÃO JOSÉ DO RIO PRETO;JALES;SANTA FÉ DO SUL;Santa Rita d'Oeste;0;0;0;0;1;0;0;0;0;1;0;0;0;2
RIBEIRÃO PRETO;RIBEIRAO PRETO;AQUÍFERO GUARANI;Santa Rita do Passa Quatro;0;1;0;1;1;4;12;11;14;15;18;20;24;121
RIBEIRÃO PRETO;RIBEIRAO PRETO;AQUÍFERO GUARANI;Santa Rosa de Viterbo;1;2;1;2;1;2;4;3;10;7;9;12;9;63
SÃO JOSÉ DO RIO PRETO;JALES;JALES;Santa Salete;0;0;0;0;0;0;0;0;0;0;0;0;0;0
PRESIDENTE PRUDENTE;PRESIDENTE PRUDENTE;ALTA SOROCABANA;Santo Anastácio;0;0;0;1;1;3;1;2;2;1;2;1;1;15
GRANDE SÃO PAULO;SANTO ANDRE;GRANDE ABC;Santo André;12;18;29;46;68;86;125;190;230;340;562;492;222;2420
RIBEIRÃO PRETO;RIBEIRAO PRETO;VALE DAS CACHOEIRAS;Santo Antônio da Alegria;0;1;0;7;8;2;8;6;10;1;11;16;9;79
CAMPINAS;CAMPINAS;REG METRO CAMPINAS;Santo Antônio de Posse;1;2;6;3;14;22;22;73;72;19;20;25;23;302
ARAÇATUBA;ARACATUBA;CENTRAL DO DRS II;Santo Antônio do Aracanguá;0;0;0;1;0;0;1;0;2;1;0;1;0;6
SÃO JOÃO DA BOA VISTA;SAO JOAO DA BOA VISTA;MANTIQUEIRA;Santo Antônio do Jardim;1;1;1;5;6;11;12;18;20;16;38;21;32;182
TAUBATÉ;TAUBATE;V. PARAÍBA-REG. SERRANA;Santo Antônio do Pinhal;0;0;0;0;0;0;0;0;1;1;0;1;1;4
PRESIDENTE PRUDENTE;PRESIDENTE PRUDENTE;ALTA SOROCABANA;Santo Expedito;0;0;0;0;0;1;0;0;1;0;0;0;0;2
ARAÇATUBA;ARACATUBA;CONSÓRCIOS DO DRS II;Santópolis do Aguapeí;0;0;0;0;0;0;0;0;2;0;1;0;0;3
BAIXADA SANTISTA;SANTOS;BAIXADA SANTISTA;Santos;42;51;39;65;82;123;146;168;149;148;140;73;21;1247
TAUBATÉ;TAUBATE;V. PARAÍBA-REG. SERRANA;São Bento do Sapucaí;0;0;0;0;0;0;7;7;11;19;16;31;29;120
GRANDE SÃO PAULO;SANTO ANDRE;GRANDE ABC;São Bernardo do Campo;5;5;16;26;33;37;109;111;136;172;165;174;103;1092
GRANDE SÃO PAULO;SANTO ANDRE;GRANDE ABC;São Caetano do Sul;1;3;9;15;49;78;115;189;224;249;368;379;161;1840
ARARAQUARA;ARARAQUARA;CORAÇÃO DO DRS III;São Carlos;10;6;14;16;37;62;105;144;172;152;75;117;117;1027
SÃO JOSÉ DO RIO PRETO;JALES;JALES;São Francisco;0;0;0;0;1;0;0;0;0;2;1;0;0;4
SÃO JOÃO DA BOA VISTA;SAO JOAO DA BOA VISTA;MANTIQUEIRA;São João da Boa Vista;6;11;14;63;77;117;203;273;379;418;322;177;31;2091
SÃO JOSÉ DO RIO PRETO;JALES;FERNANDÓPOLIS;São João das Duas Pontes;0;0;0;0;0;0;0;0;0;0;0;0;0;0
SÃO JOSÉ DO RIO PRETO;JALES;FERNANDÓPOLIS;São João de Iracema;0;0;0;0;0;0;0;0;0;0;0;0;0;0
PRESIDENTE PRUDENTE;PRESIDENTE VENCESLAU;ALTA PAULISTA;São João do Pau d'Alho;0;2;1;1;0;1;0;1;5;3;3;2;0;19
FRANCA;FRANCA;ALTA ANHANGUERA;São Joaquim da Barra;2;2;3;6;5;12;7;8;10;14;12;17;18;116
FRANCA;FRANCA;TRÊS COLINAS;São José da Bela Vista;1;6;6;3;4;2;2;1;1;1;0;0;0;27
TAUBATÉ;TAUBATE;CIRCUITO DA FÉ - VALE HISTÓRICO;São José do Barreiro;0;0;0;0;2;3;7;10;7;7;14;14;10;74
SÃO JOÃO DA BOA VISTA;SAO JOAO DA BOA VISTA;RIO PARDO;São José do Rio Pardo;2;6;8;8;21;60;79;59;35;69;79;60;41;527
SÃO JOSÉ DO RIO PRETO;SAO JOSE DO RIO PRETO;SÃO JOSÉ DO RIO PRETO;São José do Rio Preto;160;167;280;273;415;504;572;763;517;202;200;180;110;4343
TAUBATÉ;SAO JOSE DOS CAMPOS;ALTO VALE DO PARAÍBA;São José dos Campos;56;122;188;288;387;638;947;1415;2843;3906;4079;4708;2932;22509
GRANDE SÃO PAULO;OSASCO;MANANCIAIS;São Lourenço da Serra;0;1;0;1;1;1;3;3;4;4;3;2;0;23
TAUBATÉ;TAUBATE;V. PARAÍBA-REG. SERRANA;São Luiz do Paraitinga;0;0;0;0;0;1;1;2;8;8;1;2;0;23
BAURU;BOTUCATU;POLO CUESTA;São Manuel;31;53;74;133;100;131;172;186;241;259;208;357;169;2114
SOROCABA;SOROCABA;ITAPETININGA;São Miguel Arcanjo;0;0;1;1;2;0;1;1;3;8;10;7;14;48
GRANDE SÃO PAULO;CAPITAL;SÃO PAULO;São Paulo;778;1186;1725;2693;3596;5753;8539;11191;14235;18530;22664;31425;26970;149285
PIRACICABA;PIRACICABA;PIRACICABA;São Pedro;0;1;1;4;3;9;21;19;17;13;27;33;21;169
MARÍLIA;ASSIS;OURINHOS;São Pedro do Turvo;0;0;0;0;0;1;1;1;1;2;5;9;10;30
SOROCABA;SOROCABA;SOROCABA;São Roque;0;0;0;0;2;1;4;14;15;15;22;18;19;110
TAUBATÉ;CARAGUATATUBA;LITORAL NORTE;São Sebastião;3;9;20;36;36;52;90;142;152;185;237;312;331;1605
SÃO JOÃO DA BOA VISTA;SAO JOAO DA BOA VISTA;RIO PARDO;São Sebastião da Grama;0;0;0;0;2;0;1;1;0;4;13;20;51;92
RIBEIRÃO PRETO;RIBEIRAO PRETO;AQUÍFERO GUARANI;São Simão;0;0;0;0;0;1;1;2;4;6;3;3;1;21
BAIXADA SANTISTA;SANTOS;BAIXADA SANTISTA;São Vicente;7;7;13;8;26;28;46;55;52;60;53;33;9;397
SOROCABA;SOROCABA;ITAPETININGA;Sarapuí;0;0;0;1;0;0;2;1;0;2;4;10;4;24
BAURU;BOTUCATU;VALE DO JURUMIRIM;Sarutaiá;0;1;1;2;2;1;9;4;5;4;10;18;14;71
SÃO JOSÉ DO RIO PRETO;SAO JOSE DO RIO PRETO;VOTUPORANGA;Sebastianópolis do Sul;0;0;0;0;0;0;0;1;0;1;0;0;0;2
RIBEIRÃO PRETO;RIBEIRAO PRETO;AQUÍFERO GUARANI;Serra Azul;0;0;1;0;1;2;3;3;8;5;9;9;17;58
RIBEIRÃO PRETO;RIBEIRAO PRETO;AQUÍFERO GUARANI;Serrana;6;5;21;44;60;119;140;195;470;398;492;526;388;2864
CAMPINAS;CAMPINAS;CIRCUITO DAS AGUAS;Serra Negra;0;2;1;2;5;2;2;3;7;3;5;7;11;50
RIBEIRÃO PRETO;RIBEIRAO PRETO;HORIZONTE VERDE;Sertãozinho;2;1;6;2;15;10;9;17;30;26;42;45;38;243
REGISTRO;REGISTRO;VALE DO RIBEIRA;Sete Barras;3;13;23;23;16;9;22;25;37;27;23;22;22;265
BARRETOS;BARRETOS;NORTE-BARRETOS;Severínia;1;0;0;0;2;1;2;1;0;1;9;6;2;25
TAUBATÉ;TAUBATE;CIRCUITO DA FÉ - VALE HISTÓRICO;Silveiras;0;0;0;0;0;0;0;0;1;0;1;0;0;2
CAMPINAS;CAMPINAS;BRAGANÇA;Socorro;1;1;1;2;5;23;21;35;84;82;69;140;84;548
SOROCABA;SOROCABA;SOROCABA;Sorocaba;28;45;84;167;187;301;454;561;736;870;1274;1843;1146;7696
ARAÇATUBA;ARACATUBA;LAGOS DO DRS II;Sud Mennucci;0;0;0;0;0;0;0;0;0;0;0;0;0;0
CAMPINAS;CAMPINAS;REG METRO CAMPINAS;Sumaré;11;15;24;34;39;56;86;125;141;233;302;287;201;1554
GRANDE SÃO PAULO;MOGI DAS CRUZES;ALTO DO TIETÊ;Suzano;17;43;86;172;182;260;299;306;316;346;254;186;76;2543
ARAÇATUBA;ARACATUBA;LAGOS DO DRS II;Suzanápolis;0;0;0;0;0;0;0;0;0;0;0;2;0;2
SÃO JOSÉ DO RIO PRETO;SAO JOSE DO RIO PRETO;CATANDUVA;Tabapuã;1;3;11;13;18;12;28;33;34;50;45;54;25;327
ARARAQUARA;ARARAQUARA;NOROESTE DRS III;Tabatinga;0;0;1;3;2;1;0;1;4;7;4;2;0;25
GRANDE SÃO PAULO;OSASCO;MANANCIAIS;Taboão da Serra;3;2;4;4;11;21;10;21;27;27;37;38;41;246
PRESIDENTE PRUDENTE;PRESIDENTE PRUDENTE;ALTA SOROCABANA;Taciba;0;0;0;2;1;0;0;0;0;0;0;0;0;3
BAURU;BOTUCATU;VALE DO JURUMIRIM;Taguaí;0;0;0;0;2;9;10;75;51;111;164;212;190;824
BARRETOS;BARRETOS;SUL-BARRETOS;Taiaçu;0;0;0;2;2;1;0;2;3;2;1;1;1;15
BARRETOS;BARRETOS;SUL-BARRETOS;Taiúva;0;0;0;4;0;0;2;6;4;10;3;2;3;34
SÃO JOÃO DA BOA VISTA;SAO JOAO DA BOA VISTA;MANTIQUEIRA;Tambaú;0;2;4;14;21;20;43;58;71;90;127;109;134;693
SÃO JOSÉ DO RIO PRETO;SAO JOSE DO RIO PRETO;SÃO JOSÉ DO RIO PRETO;Tanabi;1;1;3;2;3;4;4;5;1;0;3;3;1;31
SOROCABA;SOROCABA;SOROCABA;Tapiraí;0;0;0;0;0;0;0;0;0;0;0;0;1;1
SÃO JOÃO DA BOA VISTA;SAO JOAO DA BOA VISTA;RIO PARDO;Tapiratiba;1;0;1;16;14;11;30;31;31;82;72;121;121;531
BARRETOS;BARRETOS;SUL-BARRETOS;Taquaral;2;0;2;1;3;1;6;4;7;4;11;9;4;54
ARARAQUARA;ARARAQUARA;NOROESTE DRS III;Taquaritinga;1;1;0;2;1;0;1;3;10;3;0;1;1;24
BAURU;BOTUCATU;VALE DO JURUMIRIM;Taquarituba;0;0;0;0;0;0;0;0;2;2;6;4;16;30
SOROCABA;ITAPEVA;ITAPEVA;Taquarivaí;0;0;0;0;0;0;0;0;0;0;0;0;0;0
PRESIDENTE PRUDENTE;PRESIDENTE PRUDENTE;ALTA SOROCABANA;Tarabaí;0;0;0;0;0;0;1;2;1;1;0;0;1;6
MARÍLIA;ASSIS;ASSIS;Tarumã;4;7;10;22;19;37;35;29;43;19;16;11;10;262
SOROCABA;SOROCABA;ITAPETININGA;Tatuí;0;0;1;4;2;0;5;3;4;3;10;15;18;65
TAUBATÉ;TAUBATE;V. PARAÍBA-REG. SERRANA;Taubaté;103;164;261;485;471;526;544;715;993;401;222;114;46;5045
BAURU;BOTUCATU;VALE DO JURUMIRIM;Tejupá;0;0;0;0;0;0;0;0;0;0;0;0;2;2
PRESIDENTE PRUDENTE;PRESIDENTE VENCESLAU;PONTAL DO PARANAPANEMA;Teodoro Sampaio;0;0;0;0;0;1;0;0;1;0;1;0;0;3
BARRETOS;BARRETOS;SUL-BARRETOS;Terra Roxa;0;0;0;0;10;4;4;2;1;0;3;1;0;25
SOROCABA;SOROCABA;SOROCABA;Tietê;0;0;0;1;7;1;3;14;11;20;36;35;38;166
MARÍLIA;ASSIS;OURINHOS;Timburi;0;0;0;0;0;0;1;0;1;0;0;0;3;5
BAURU;BOTUCATU;POLO CUESTA;Torre de Pedra;0;0;0;0;0;0;0;0;0;0;0;1;0;1
BAURU;BAURU;JAU;Torrinha;0;0;0;0;2;1;4;10;2;20;34;32;6;111
ARARAQUARA;ARARAQUARA;CENTRAL DO DRS III;Trabiju;0;1;0;0;1;1;0;0;1;0;0;2;0;6
TAUBATÉ;TAUBATE;V. PARAÍBA-REG. SERRANA;Tremembé;47;58;116;180;212;234;312;242;168;131;125;69;43;1937
SÃO JOSÉ DO RIO PRETO;JALES;SANTA FÉ DO SUL;Três Fronteiras;0;0;0;0;0;0;0;0;0;1;0;0;1;2
CAMPINAS;CAMPINAS;BRAGANÇA;Tuiuti;0;0;1;0;0;3;3;4;2;6;4;8;6;37
MARÍLIA;MARILIA;TUPÃ;Tupã;5;4;9;10;14;17;18;34;33;27;37;33;31;272
PRESIDENTE PRUDENTE;PRESIDENTE VENCESLAU;ALTA PAULISTA;Tupi Paulista;0;1;2;1;2;6;7;5;7;4;3;3;0;41
ARAÇATUBA;ARACATUBA;CONSÓRCIOS DO DRS II;Turiúba;0;0;1;0;1;0;0;0;0;0;0;0;0;2
SÃO JOSÉ DO RIO PRETO;JALES;FERNANDÓPOLIS;Turmalina;0;0;0;1;0;0;2;0;1;1;0;0;0;5
SÃO JOSÉ DO RIO PRETO;SAO JOSE DO RIO PRETO;JOSÉ BONIFÁCIO;Ubarana;0;0;0;0;0;1;1;0;0;1;0;2;1;6
TAUBATÉ;CARAGUATATUBA;LITORAL NORTE;Ubatuba;86;65;110;98;127;179;206;250;360;448;479;241;186;2835
MARÍLIA;MARILIA;MARÍLIA;Ubirajara;0;0;0;0;0;0;0;1;4;3;5;7;2;22
SÃO JOSÉ DO RIO PRETO;SAO JOSE DO RIO PRETO;SÃO JOSÉ DO RIO PRETO;Uchoa;1;1;1;2;0;1;2;3;0;2;1;1;1;16
SÃO JOSÉ DO RIO PRETO;SAO JOSE DO RIO PRETO;JOSÉ BONIFÁCIO;União Paulista;0;0;0;0;0;0;0;0;1;0;0;0;0;1
SÃO JOSÉ DO RIO PRETO;JALES;JALES;Urânia;0;0;0;2;1;0;1;3;1;1;1;0;2;12
BAURU;BAURU;LINS;Uru;0;0;0;0;0;0;1;1;0;1;0;0;0;3
SÃO JOSÉ DO RIO PRETO;SAO JOSE DO RIO PRETO;CATANDUVA;Urupês;0;1;0;1;0;2;1;3;10;4;20;17;8;67
SÃO JOSÉ DO RIO PRETO;SAO JOSE DO RIO PRETO;VOTUPORANGA;Valentim Gentil;0;1;0;0;3;0;1;1;2;2;4;5;11;30
CAMPINAS;CAMPINAS;REG METRO CAMPINAS;Valinhos;19;39;47;66;97;156;178;243;249;271;289;379;303;2336
ARAÇATUBA;ARACATUBA;CENTRAL DO DRS II;Valparaíso;0;0;0;0;0;1;4;0;3;0;2;3;0;13
CAMPINAS;CAMPINAS;BRAGANÇA;Vargem;0;0;0;2;0;10;25;44;16;5;4;8;9;123
SÃO JOÃO DA BOA VISTA;SAO JOAO DA BOA VISTA;MANTIQUEIRA;Vargem Grande do Sul;9;28;73;98;180;164;240;222;292;123;32;1;0;1462
GRANDE SÃO PAULO;OSASCO;MANANCIAIS;Vargem Grande Paulista;0;0;0;9;12;11;22;12;21;8;12;11;13;131
CAMPINAS;CAMPINAS;JUNDIAÍ;Várzea Paulista;8;12;21;35;30;54;70;92;137;139;180;202;58;1038
MARÍLIA;MARILIA;MARÍLIA;Vera Cruz;0;1;3;1;1;1;5;8;6;6;13;10;5;60
CAMPINAS;CAMPINAS;REG METRO CAMPINAS;Vinhedo;0;6;7;2;5;14;26;25;77;84;141;216;224;827
BARRETOS;BARRETOS;SUL-BARRETOS;Viradouro;1;2;2;2;3;4;8;5;11;11;13;20;13;95
BARRETOS;BARRETOS;SUL-BARRETOS;Vista Alegre do Alto;1;0;2;2;0;1;10;18;14;26;39;23;26;162
SÃO JOSÉ DO RIO PRETO;JALES;JALES;Vitória Brasil;0;0;0;0;1;0;1;0;0;0;0;0;0;2
SOROCABA;SOROCABA;SOROCABA;Votorantim;29;45;71;113;62;129;175;218;303;286;343;245;184;2203
SÃO JOSÉ DO RIO PRETO;SAO JOSE DO RIO PRETO;VOTUPORANGA;Votuporanga;81;90;143;169;208;230;210;203;179;147;165;193;52;2070
SÃO JOSÉ DO RIO PRETO;SAO JOSE DO RIO PRETO;JOSÉ BONIFÁCIO;Zacarias;0;1;0;0;0;1;0;0;0;0;0;0;0;2
MARÍLIA;ASSIS;OURINHOS;Chavantes;2;0;4;4;1;2;6;4;7;7;6;18;9;70
SÃO JOÃO DA BOA VISTA;SAO JOAO DA BOA VISTA;BAIXA MOGIANA;Estiva Gerbi;0;0;0;0;0;0;1;1;4;3;4;4;3;20
